lambda,lambda_label,gamma,activation_cost_K,case_count,recommend_3arm_count,recommend_2arm_count,recommend_3arm_ratio_percent,mean_final_integrated_score,min_final_integrated_score,max_final_integrated_score,mean_recommended_speed_multiplier,note
0.5,0_5,0,0,16,16,0,100.0,29.01,22.06,35.73,1.23,"final decision combines mean benefit, robustness penalty, activation cost and speed policy"
0.5,0_5,0,2,16,16,0,100.0,26.75,19.78,33.45,1.23,"final decision combines mean benefit, robustness penalty, activation cost and speed policy"
0.5,0_5,0,4,16,16,0,100.0,24.48,17.51,31.26,1.23,"final decision combines mean benefit, robustness penalty, activation cost and speed policy"
0.5,0_5,0,6,16,16,0,100.0,22.21,15.23,29.14,1.23,"final decision combines mean benefit, robustness penalty, activation cost and speed policy"
0.5,0_5,0,8,16,16,0,100.0,19.95,12.95,27.02,1.23,"final decision combines mean benefit, robustness penalty, activation cost and speed policy"
0.5,0_5,0,10,16,16,0,100.0,17.68,10.68,24.91,1.23,"final decision combines mean benefit, robustness penalty, activation cost and speed policy"
0.5,0_5,0,12,16,16,0,100.0,15.41,8.4,22.79,1.23,"final decision combines mean benefit, robustness penalty, activation cost and speed policy"
0.5,0_5,0,15,16,16,0,100.0,12.02,4.98,19.61,1.23,"final decision combines mean benefit, robustness penalty, activation cost and speed policy"
0.5,0_5,0,20,16,15,1,93.75,6.35,-0.71,14.31,1.24,"final decision combines mean benefit, robustness penalty, activation cost and speed policy"
0.5,0_5,0,25,16,9,7,56.25,0.69,-6.4,9.02,1.3,"final decision combines mean benefit, robustness penalty, activation cost and speed policy"
0.5,0_5,0.5,0,16,16,0,100.0,27.18,19.26,33.27,1.23,"final decision combines mean benefit, robustness penalty, activation cost and speed policy"
0.5,0_5,0.5,2,16,16,0,100.0,24.92,16.98,31.0,1.23,"final decision combines mean benefit, robustness penalty, activation cost and speed policy"
0.5,0_5,0.5,4,16,16,0,100.0,22.65,14.71,28.72,1.23,"final decision combines mean benefit, robustness penalty, activation cost and speed policy"
0.5,0_5,0.5,6,16,16,0,100.0,20.38,12.43,26.44,1.23,"final decision combines mean benefit, robustness penalty, activation cost and speed policy"
0.5,0_5,0.5,8,16,16,0,100.0,18.12,10.15,24.17,1.23,"final decision combines mean benefit, robustness penalty, activation cost and speed policy"
0.5,0_5,0.5,10,16,16,0,100.0,15.85,7.88,21.89,1.23,"final decision combines mean benefit, robustness penalty, activation cost and speed policy"
0.5,0_5,0.5,12,16,16,0,100.0,13.59,5.6,19.61,1.23,"final decision combines mean benefit, robustness penalty, activation cost and speed policy"
0.5,0_5,0.5,15,16,16,0,100.0,10.19,2.18,16.2,1.23,"final decision combines mean benefit, robustness penalty, activation cost and speed policy"
0.5,0_5,0.5,20,16,14,2,87.5,4.52,-3.51,10.51,1.25,"final decision combines mean benefit, robustness penalty, activation cost and speed policy"
0.5,0_5,0.5,25,16,9,7,56.25,-1.14,-9.2,4.81,1.3,"final decision combines mean benefit, robustness penalty, activation cost and speed policy"
0.5,0_5,1,0,16,16,0,100.0,25.36,16.46,30.82,1.23,"final decision combines mean benefit, robustness penalty, activation cost and speed policy"
0.5,0_5,1,2,16,16,0,100.0,23.09,14.18,28.54,1.23,"final decision combines mean benefit, robustness penalty, activation cost and speed policy"
0.5,0_5,1,4,16,16,0,100.0,20.82,11.91,26.27,1.23,"final decision combines mean benefit, robustness penalty, activation cost and speed policy"
0.5,0_5,1,6,16,16,0,100.0,18.56,9.63,23.99,1.23,"final decision combines mean benefit, robustness penalty, activation cost and speed policy"
0.5,0_5,1,8,16,16,0,100.0,16.29,7.35,21.71,1.23,"final decision combines mean benefit, robustness penalty, activation cost and speed policy"
0.5,0_5,1,10,16,16,0,100.0,14.03,5.08,19.44,1.23,"final decision combines mean benefit, robustness penalty, activation cost and speed policy"
0.5,0_5,1,12,16,16,0,100.0,11.76,2.8,17.16,1.23,"final decision combines mean benefit, robustness penalty, activation cost and speed policy"
0.5,0_5,1,15,16,15,1,93.75,8.36,-0.62,13.74,1.24,"final decision combines mean benefit, robustness penalty, activation cost and speed policy"
0.5,0_5,1,20,16,12,4,75.0,2.69,-6.31,8.05,1.27,"final decision combines mean benefit, robustness penalty, activation cost and speed policy"
0.5,0_5,1,25,16,7,9,43.75,-2.97,-12.0,2.36,1.32,"final decision combines mean benefit, robustness penalty, activation cost and speed policy"
0.5,0_5,1.5,0,16,16,0,100.0,23.53,13.66,29.21,1.23,"final decision combines mean benefit, robustness penalty, activation cost and speed policy"
0.5,0_5,1.5,2,16,16,0,100.0,21.26,11.38,26.88,1.23,"final decision combines mean benefit, robustness penalty, activation cost and speed policy"
0.5,0_5,1.5,4,16,16,0,100.0,19.0,9.11,24.55,1.23,"final decision combines mean benefit, robustness penalty, activation cost and speed policy"
0.5,0_5,1.5,6,16,16,0,100.0,16.73,6.83,22.23,1.23,"final decision combines mean benefit, robustness penalty, activation cost and speed policy"
0.5,0_5,1.5,8,16,16,0,100.0,14.46,4.55,19.91,1.23,"final decision combines mean benefit, robustness penalty, activation cost and speed policy"
0.5,0_5,1.5,10,16,16,0,100.0,12.2,2.28,17.59,1.23,"final decision combines mean benefit, robustness penalty, activation cost and speed policy"
0.5,0_5,1.5,12,16,15,1,93.75,9.93,-0.0,15.26,1.24,"final decision combines mean benefit, robustness penalty, activation cost and speed policy"
0.5,0_5,1.5,15,16,14,2,87.5,6.53,-3.42,11.78,1.25,"final decision combines mean benefit, robustness penalty, activation cost and speed policy"
0.5,0_5,1.5,20,16,9,7,56.25,0.87,-9.11,5.97,1.3,"final decision combines mean benefit, robustness penalty, activation cost and speed policy"
0.5,0_5,1.5,25,16,1,15,6.25,-4.8,-14.8,0.17,1.39,"final decision combines mean benefit, robustness penalty, activation cost and speed policy"
0.5,0_5,2,0,16,16,0,100.0,21.7,10.86,29.05,1.23,"final decision combines mean benefit, robustness penalty, activation cost and speed policy"
0.5,0_5,2,2,16,16,0,100.0,19.43,8.58,26.73,1.23,"final decision combines mean benefit, robustness penalty, activation cost and speed policy"
0.5,0_5,2,4,16,16,0,100.0,17.17,6.31,24.4,1.23,"final decision combines mean benefit, robustness penalty, activation cost and speed policy"
0.5,0_5,2,6,16,16,0,100.0,14.9,4.03,22.08,1.23,"final decision combines mean benefit, robustness penalty, activation cost and speed policy"
0.5,0_5,2,8,16,16,0,100.0,12.64,1.75,19.76,1.23,"final decision combines mean benefit, robustness penalty, activation cost and speed policy"
0.5,0_5,2,10,16,15,1,93.75,10.37,-0.52,17.44,1.24,"final decision combines mean benefit, robustness penalty, activation cost and speed policy"
0.5,0_5,2,12,16,14,2,87.5,8.1,-2.8,15.11,1.25,"final decision combines mean benefit, robustness penalty, activation cost and speed policy"
0.5,0_5,2,15,16,12,4,75.0,4.7,-6.22,11.63,1.27,"final decision combines mean benefit, robustness penalty, activation cost and speed policy"
0.5,0_5,2,20,16,7,9,43.75,-0.96,-11.91,5.82,1.32,"final decision combines mean benefit, robustness penalty, activation cost and speed policy"
0.5,0_5,2,25,16,1,15,6.25,-6.62,-17.6,0.02,1.39,"final decision combines mean benefit, robustness penalty, activation cost and speed policy"
1,1,0,0,16,16,0,100.0,26.78,20.2,33.81,1.23,"final decision combines mean benefit, robustness penalty, activation cost and speed policy"
1,1,0,2,16,16,0,100.0,24.52,17.92,31.53,1.23,"final decision combines mean benefit, robustness penalty, activation cost and speed policy"
1,1,0,4,16,16,0,100.0,22.25,15.65,29.26,1.23,"final decision combines mean benefit, robustness penalty, activation cost and speed policy"
1,1,0,6,16,16,0,100.0,19.99,13.37,26.98,1.23,"final decision combines mean benefit, robustness penalty, activation cost and speed policy"
1,1,0,8,16,16,0,100.0,17.72,11.09,24.7,1.23,"final decision combines mean benefit, robustness penalty, activation cost and speed policy"
1,1,0,10,16,16,0,100.0,15.46,8.82,22.43,1.23,"final decision combines mean benefit, robustness penalty, activation cost and speed policy"
1,1,0,12,16,16,0,100.0,13.19,6.54,20.15,1.23,"final decision combines mean benefit, robustness penalty, activation cost and speed policy"
1,1,0,15,16,16,0,100.0,9.79,3.12,16.92,1.23,"final decision combines mean benefit, robustness penalty, activation cost and speed policy"
1,1,0,20,16,13,3,81.25,4.12,-2.57,11.62,1.26,"final decision combines mean benefit, robustness penalty, activation cost and speed policy"
1,1,0,25,16,4,12,25.0,-1.54,-8.26,6.33,1.35,"final decision combines mean benefit, robustness penalty, activation cost and speed policy"
1,1,0.5,0,16,16,0,100.0,24.9,17.39,31.3,1.23,"final decision combines mean benefit, robustness penalty, activation cost and speed policy"
1,1,0.5,2,16,16,0,100.0,22.64,15.12,29.02,1.23,"final decision combines mean benefit, robustness penalty, activation cost and speed policy"
1,1,0.5,4,16,16,0,100.0,20.37,12.84,26.74,1.23,"final decision combines mean benefit, robustness penalty, activation cost and speed policy"
1,1,0.5,6,16,16,0,100.0,18.11,10.56,24.46,1.23,"final decision combines mean benefit, robustness penalty, activation cost and speed policy"
1,1,0.5,8,16,16,0,100.0,15.84,8.29,22.19,1.23,"final decision combines mean benefit, robustness penalty, activation cost and speed policy"
1,1,0.5,10,16,16,0,100.0,13.57,6.01,19.91,1.23,"final decision combines mean benefit, robustness penalty, activation cost and speed policy"
1,1,0.5,12,16,16,0,100.0,11.31,3.73,17.63,1.23,"final decision combines mean benefit, robustness penalty, activation cost and speed policy"
1,1,0.5,15,16,16,0,100.0,7.91,0.32,14.22,1.23,"final decision combines mean benefit, robustness penalty, activation cost and speed policy"
1,1,0.5,20,16,10,6,62.5,2.24,-5.37,8.53,1.29,"final decision combines mean benefit, robustness penalty, activation cost and speed policy"
1,1,0.5,25,16,4,12,25.0,-3.42,-11.07,2.83,1.35,"final decision combines mean benefit, robustness penalty, activation cost and speed policy"
1,1,1,0,16,16,0,100.0,23.03,14.59,28.78,1.23,"final decision combines mean benefit, robustness penalty, activation cost and speed policy"
1,1,1,2,16,16,0,100.0,20.76,12.31,26.5,1.23,"final decision combines mean benefit, robustness penalty, activation cost and speed policy"
1,1,1,4,16,16,0,100.0,18.49,10.04,24.23,1.23,"final decision combines mean benefit, robustness penalty, activation cost and speed policy"
1,1,1,6,16,16,0,100.0,16.23,7.76,21.95,1.23,"final decision combines mean benefit, robustness penalty, activation cost and speed policy"
1,1,1,8,16,16,0,100.0,13.96,5.48,19.67,1.23,"final decision combines mean benefit, robustness penalty, activation cost and speed policy"
1,1,1,10,16,16,0,100.0,11.7,3.21,17.4,1.23,"final decision combines mean benefit, robustness penalty, activation cost and speed policy"
1,1,1,12,16,16,0,100.0,9.43,0.93,15.12,1.23,"final decision combines mean benefit, robustness penalty, activation cost and speed policy"
1,1,1,15,16,15,1,93.75,6.03,-2.49,11.7,1.24,"final decision combines mean benefit, robustness penalty, activation cost and speed policy"
1,1,1,20,16,9,7,56.25,0.36,-8.18,6.01,1.3,"final decision combines mean benefit, robustness penalty, activation cost and speed policy"
1,1,1,25,16,1,15,6.25,-5.3,-13.87,0.32,1.39,"final decision combines mean benefit, robustness penalty, activation cost and speed policy"
1,1,1.5,0,16,16,0,100.0,21.15,11.78,27.04,1.23,"final decision combines mean benefit, robustness penalty, activation cost and speed policy"
1,1,1.5,2,16,16,0,100.0,18.88,9.51,24.7,1.23,"final decision combines mean benefit, robustness penalty, activation cost and speed policy"
1,1,1.5,4,16,16,0,100.0,16.62,7.23,22.36,1.23,"final decision combines mean benefit, robustness penalty, activation cost and speed policy"
1,1,1.5,6,16,16,0,100.0,14.35,4.95,20.02,1.23,"final decision combines mean benefit, robustness penalty, activation cost and speed policy"
1,1,1.5,8,16,16,0,100.0,12.08,2.68,17.68,1.23,"final decision combines mean benefit, robustness penalty, activation cost and speed policy"
1,1,1.5,10,16,16,0,100.0,9.82,0.4,15.34,1.23,"final decision combines mean benefit, robustness penalty, activation cost and speed policy"
1,1,1.5,12,16,15,1,93.75,7.55,-1.88,12.99,1.24,"final decision combines mean benefit, robustness penalty, activation cost and speed policy"
1,1,1.5,15,16,13,3,81.25,4.15,-5.29,9.48,1.26,"final decision combines mean benefit, robustness penalty, activation cost and speed policy"
1,1,1.5,20,16,7,9,43.75,-1.51,-10.98,3.63,1.32,"final decision combines mean benefit, robustness penalty, activation cost and speed policy"
1,1,1.5,25,16,0,16,0.0,-7.18,-16.68,-2.2,1.4,"final decision combines mean benefit, robustness penalty, activation cost and speed policy"
1,1,2,0,16,16,0,100.0,19.27,8.98,26.84,1.23,"final decision combines mean benefit, robustness penalty, activation cost and speed policy"
1,1,2,2,16,16,0,100.0,17.0,6.7,24.5,1.23,"final decision combines mean benefit, robustness penalty, activation cost and speed policy"
1,1,2,4,16,16,0,100.0,14.74,4.43,22.16,1.23,"final decision combines mean benefit, robustness penalty, activation cost and speed policy"
1,1,2,6,16,16,0,100.0,12.47,2.15,19.82,1.23,"final decision combines mean benefit, robustness penalty, activation cost and speed policy"
1,1,2,8,16,15,1,93.75,10.2,-0.13,17.48,1.24,"final decision combines mean benefit, robustness penalty, activation cost and speed policy"
1,1,2,10,16,14,2,87.5,7.94,-2.4,15.14,1.25,"final decision combines mean benefit, robustness penalty, activation cost and speed policy"
1,1,2,12,16,12,4,75.0,5.67,-4.68,12.79,1.27,"final decision combines mean benefit, robustness penalty, activation cost and speed policy"
1,1,2,15,16,11,5,68.75,2.27,-8.1,9.28,1.28,"final decision combines mean benefit, robustness penalty, activation cost and speed policy"
1,1,2,20,16,6,10,37.5,-3.39,-13.79,3.43,1.33,"final decision combines mean benefit, robustness penalty, activation cost and speed policy"
1,1,2,25,16,0,16,0.0,-9.06,-19.48,-2.42,1.4,"final decision combines mean benefit, robustness penalty, activation cost and speed policy"
2,2,0,0,16,16,0,100.0,22.33,16.5,29.95,1.23,"final decision combines mean benefit, robustness penalty, activation cost and speed policy"
2,2,0,2,16,16,0,100.0,20.06,14.22,27.67,1.23,"final decision combines mean benefit, robustness penalty, activation cost and speed policy"
2,2,0,4,16,16,0,100.0,17.8,11.95,25.4,1.23,"final decision combines mean benefit, robustness penalty, activation cost and speed policy"
2,2,0,6,16,16,0,100.0,15.53,9.67,23.12,1.23,"final decision combines mean benefit, robustness penalty, activation cost and speed policy"
2,2,0,8,16,16,0,100.0,13.27,7.39,20.84,1.23,"final decision combines mean benefit, robustness penalty, activation cost and speed policy"
2,2,0,10,16,16,0,100.0,11.0,5.12,18.57,1.23,"final decision combines mean benefit, robustness penalty, activation cost and speed policy"
2,2,0,12,16,16,0,100.0,8.73,2.84,16.29,1.23,"final decision combines mean benefit, robustness penalty, activation cost and speed policy"
2,2,0,15,16,14,2,87.5,5.33,-0.58,12.87,1.25,"final decision combines mean benefit, robustness penalty, activation cost and speed policy"
2,2,0,20,16,7,9,43.75,-0.33,-6.27,7.18,1.32,"final decision combines mean benefit, robustness penalty, activation cost and speed policy"
2,2,0,25,16,2,14,12.5,-6.0,-11.96,1.49,1.37,"final decision combines mean benefit, robustness penalty, activation cost and speed policy"
2,2,0.5,0,16,16,0,100.0,20.34,13.7,27.32,1.23,"final decision combines mean benefit, robustness penalty, activation cost and speed policy"
2,2,0.5,2,16,16,0,100.0,18.07,11.42,25.04,1.23,"final decision combines mean benefit, robustness penalty, activation cost and speed policy"
2,2,0.5,4,16,16,0,100.0,15.81,9.14,22.77,1.23,"final decision combines mean benefit, robustness penalty, activation cost and speed policy"
2,2,0.5,6,16,16,0,100.0,13.54,6.86,20.49,1.23,"final decision combines mean benefit, robustness penalty, activation cost and speed policy"
2,2,0.5,8,16,16,0,100.0,11.28,4.59,18.21,1.23,"final decision combines mean benefit, robustness penalty, activation cost and speed policy"
2,2,0.5,10,16,16,0,100.0,9.01,2.31,15.94,1.23,"final decision combines mean benefit, robustness penalty, activation cost and speed policy"
2,2,0.5,12,16,16,0,100.0,6.74,0.03,13.66,1.23,"final decision combines mean benefit, robustness penalty, activation cost and speed policy"
2,2,0.5,15,16,13,3,81.25,3.34,-3.38,10.24,1.26,"final decision combines mean benefit, robustness penalty, activation cost and speed policy"
2,2,0.5,20,16,4,12,25.0,-2.32,-9.07,4.55,1.35,"final decision combines mean benefit, robustness penalty, activation cost and speed policy"
2,2,0.5,25,16,0,16,0.0,-7.99,-14.77,-1.14,1.4,"final decision combines mean benefit, robustness penalty, activation cost and speed policy"
2,2,1,0,16,16,0,100.0,18.35,10.89,24.69,1.23,"final decision combines mean benefit, robustness penalty, activation cost and speed policy"
2,2,1,2,16,16,0,100.0,16.09,8.61,22.41,1.23,"final decision combines mean benefit, robustness penalty, activation cost and speed policy"
2,2,1,4,16,16,0,100.0,13.82,6.34,20.14,1.23,"final decision combines mean benefit, robustness penalty, activation cost and speed policy"
2,2,1,6,16,16,0,100.0,11.55,4.06,17.86,1.23,"final decision combines mean benefit, robustness penalty, activation cost and speed policy"
2,2,1,8,16,16,0,100.0,9.29,1.78,15.58,1.23,"final decision combines mean benefit, robustness penalty, activation cost and speed policy"
2,2,1,10,16,15,1,93.75,7.02,-0.49,13.31,1.24,"final decision combines mean benefit, robustness penalty, activation cost and speed policy"
2,2,1,12,16,15,1,93.75,4.75,-2.77,11.03,1.24,"final decision combines mean benefit, robustness penalty, activation cost and speed policy"
2,2,1,15,16,10,6,62.5,1.36,-6.19,7.61,1.29,"final decision combines mean benefit, robustness penalty, activation cost and speed policy"
2,2,1,20,16,2,14,12.5,-4.31,-11.88,1.92,1.38,"final decision combines mean benefit, robustness penalty, activation cost and speed policy"
2,2,1,25,16,0,16,0.0,-9.97,-17.57,-3.77,1.4,"final decision combines mean benefit, robustness penalty, activation cost and speed policy"
2,2,1.5,0,16,16,0,100.0,16.36,8.08,22.44,1.23,"final decision combines mean benefit, robustness penalty, activation cost and speed policy"
2,2,1.5,2,16,16,0,100.0,14.1,5.81,20.1,1.23,"final decision combines mean benefit, robustness penalty, activation cost and speed policy"
2,2,1.5,4,16,16,0,100.0,11.83,3.53,17.76,1.23,"final decision combines mean benefit, robustness penalty, activation cost and speed policy"
2,2,1.5,6,16,16,0,100.0,9.56,1.25,15.42,1.23,"final decision combines mean benefit, robustness penalty, activation cost and speed policy"
2,2,1.5,8,16,15,1,93.75,7.3,-1.02,13.08,1.24,"final decision combines mean benefit, robustness penalty, activation cost and speed policy"
2,2,1.5,10,16,13,3,81.25,5.03,-3.3,10.74,1.26,"final decision combines mean benefit, robustness penalty, activation cost and speed policy"
2,2,1.5,12,16,11,5,68.75,2.77,-5.58,8.4,1.28,"final decision combines mean benefit, robustness penalty, activation cost and speed policy"
2,2,1.5,15,16,7,9,43.75,-0.63,-8.99,4.98,1.32,"final decision combines mean benefit, robustness penalty, activation cost and speed policy"
2,2,1.5,20,16,0,16,0.0,-6.3,-14.68,-0.71,1.4,"final decision combines mean benefit, robustness penalty, activation cost and speed policy"
2,2,1.5,25,16,0,16,0.0,-11.96,-20.38,-6.4,1.4,"final decision combines mean benefit, robustness penalty, activation cost and speed policy"
2,2,2,0,16,16,0,100.0,14.38,5.28,22.16,1.23,"final decision combines mean benefit, robustness penalty, activation cost and speed policy"
2,2,2,2,16,16,0,100.0,12.11,3.0,19.82,1.23,"final decision combines mean benefit, robustness penalty, activation cost and speed policy"
2,2,2,4,16,16,0,100.0,9.84,0.73,17.48,1.23,"final decision combines mean benefit, robustness penalty, activation cost and speed policy"
2,2,2,6,16,13,3,81.25,7.58,-1.55,15.14,1.26,"final decision combines mean benefit, robustness penalty, activation cost and speed policy"
2,2,2,8,16,12,4,75.0,5.31,-3.83,12.8,1.27,"final decision combines mean benefit, robustness penalty, activation cost and speed policy"
2,2,2,10,16,11,5,68.75,3.05,-6.1,10.46,1.28,"final decision combines mean benefit, robustness penalty, activation cost and speed policy"
2,2,2,12,16,9,7,56.25,0.78,-8.38,8.11,1.3,"final decision combines mean benefit, robustness penalty, activation cost and speed policy"
2,2,2,15,16,6,10,37.5,-2.62,-11.8,4.6,1.33,"final decision combines mean benefit, robustness penalty, activation cost and speed policy"
2,2,2,20,16,0,16,0.0,-8.29,-17.49,-1.25,1.4,"final decision combines mean benefit, robustness penalty, activation cost and speed policy"
2,2,2,25,16,0,16,0.0,-13.95,-23.18,-7.1,1.4,"final decision combines mean benefit, robustness penalty, activation cost and speed policy"
3,3,0,0,16,16,0,100.0,17.87,12.68,26.09,0.78,"final decision combines mean benefit, robustness penalty, activation cost and speed policy"
3,3,0,2,16,16,0,100.0,15.61,10.43,23.81,0.78,"final decision combines mean benefit, robustness penalty, activation cost and speed policy"
3,3,0,4,16,16,0,100.0,13.34,8.18,21.54,0.78,"final decision combines mean benefit, robustness penalty, activation cost and speed policy"
3,3,0,6,16,16,0,100.0,11.07,5.92,19.26,0.78,"final decision combines mean benefit, robustness penalty, activation cost and speed policy"
3,3,0,8,16,16,0,100.0,8.81,3.67,16.98,0.78,"final decision combines mean benefit, robustness penalty, activation cost and speed policy"
3,3,0,10,16,16,0,100.0,6.54,1.41,14.71,0.78,"final decision combines mean benefit, robustness penalty, activation cost and speed policy"
3,3,0,12,16,13,3,81.25,4.28,-0.87,12.43,0.79,"final decision combines mean benefit, robustness penalty, activation cost and speed policy"
3,3,0,15,16,10,6,62.5,0.88,-4.33,9.01,0.81,"final decision combines mean benefit, robustness penalty, activation cost and speed policy"
3,3,0,20,16,2,14,12.5,-4.79,-10.18,3.32,0.87,"final decision combines mean benefit, robustness penalty, activation cost and speed policy"
3,3,0,25,16,0,16,0.0,-10.45,-16.03,-2.37,0.89,"final decision combines mean benefit, robustness penalty, activation cost and speed policy"
3,3,0.5,0,16,16,0,100.0,15.77,9.98,23.34,0.78,"final decision combines mean benefit, robustness penalty, activation cost and speed policy"
3,3,0.5,2,16,16,0,100.0,13.5,7.7,21.06,0.78,"final decision combines mean benefit, robustness penalty, activation cost and speed policy"
3,3,0.5,4,16,16,0,100.0,11.23,5.43,18.79,0.78,"final decision combines mean benefit, robustness penalty, activation cost and speed policy"
3,3,0.5,6,16,16,0,100.0,8.97,3.15,16.51,0.78,"final decision combines mean benefit, robustness penalty, activation cost and speed policy"
3,3,0.5,8,16,16,0,100.0,6.7,0.87,14.23,0.78,"final decision combines mean benefit, robustness penalty, activation cost and speed policy"
3,3,0.5,10,16,15,1,93.75,4.44,-1.4,11.96,0.78,"final decision combines mean benefit, robustness penalty, activation cost and speed policy"
3,3,0.5,12,16,11,5,68.75,2.17,-3.68,9.68,0.81,"final decision combines mean benefit, robustness penalty, activation cost and speed policy"
3,3,0.5,15,16,8,8,50.0,-1.23,-7.1,6.26,0.83,"final decision combines mean benefit, robustness penalty, activation cost and speed policy"
3,3,0.5,20,16,1,15,6.25,-6.89,-12.79,0.57,0.88,"final decision combines mean benefit, robustness penalty, activation cost and speed policy"
3,3,0.5,25,16,0,16,0.0,-12.56,-18.48,-5.12,0.89,"final decision combines mean benefit, robustness penalty, activation cost and speed policy"
3,3,1,0,16,16,0,100.0,13.66,7.17,20.59,0.78,"final decision combines mean benefit, robustness penalty, activation cost and speed policy"
3,3,1,2,16,16,0,100.0,11.39,4.89,18.31,0.78,"final decision combines mean benefit, robustness penalty, activation cost and speed policy"
3,3,1,4,16,16,0,100.0,9.13,2.62,16.04,0.78,"final decision combines mean benefit, robustness penalty, activation cost and speed policy"
3,3,1,6,16,16,0,100.0,6.86,0.34,13.76,0.78,"final decision combines mean benefit, robustness penalty, activation cost and speed policy"
3,3,1,8,16,14,2,87.5,4.59,-1.94,11.48,0.79,"final decision combines mean benefit, robustness penalty, activation cost and speed policy"
3,3,1,10,16,10,6,62.5,2.33,-4.21,9.21,0.81,"final decision combines mean benefit, robustness penalty, activation cost and speed policy"
3,3,1,12,16,8,8,50.0,0.06,-6.49,6.93,0.83,"final decision combines mean benefit, robustness penalty, activation cost and speed policy"
3,3,1,15,16,3,13,18.75,-3.34,-9.91,3.51,0.87,"final decision combines mean benefit, robustness penalty, activation cost and speed policy"
3,3,1,20,16,0,16,0.0,-9.0,-15.6,-2.18,0.89,"final decision combines mean benefit, robustness penalty, activation cost and speed policy"
3,3,1,25,16,0,16,0.0,-14.67,-21.29,-7.87,0.89,"final decision combines mean benefit, robustness penalty, activation cost and speed policy"
3,3,1.5,0,16,16,0,100.0,11.55,4.36,17.84,0.78,"final decision combines mean benefit, robustness penalty, activation cost and speed policy"
3,3,1.5,2,16,16,0,100.0,9.29,2.08,15.56,0.78,"final decision combines mean benefit, robustness penalty, activation cost and speed policy"
3,3,1.5,4,16,15,1,93.75,7.02,-0.19,13.29,0.78,"final decision combines mean benefit, robustness penalty, activation cost and speed policy"
3,3,1.5,6,16,12,4,75.0,4.75,-2.47,11.01,0.8,"final decision combines mean benefit, robustness penalty, activation cost and speed policy"
3,3,1.5,8,16,10,6,62.5,2.49,-4.75,8.73,0.82,"final decision combines mean benefit, robustness penalty, activation cost and speed policy"
3,3,1.5,10,16,9,7,56.25,0.22,-7.02,6.46,0.82,"final decision combines mean benefit, robustness penalty, activation cost and speed policy"
3,3,1.5,12,16,6,10,37.5,-2.04,-9.3,4.18,0.84,"final decision combines mean benefit, robustness penalty, activation cost and speed policy"
3,3,1.5,15,16,3,13,18.75,-5.44,-12.72,0.76,0.87,"final decision combines mean benefit, robustness penalty, activation cost and speed policy"
3,3,1.5,20,16,0,16,0.0,-11.11,-18.41,-4.93,0.89,"final decision combines mean benefit, robustness penalty, activation cost and speed policy"
3,3,1.5,25,16,0,16,0.0,-16.77,-24.1,-10.62,0.89,"final decision combines mean benefit, robustness penalty, activation cost and speed policy"
3,3,2,0,16,16,0,100.0,9.45,1.13,17.26,0.78,"final decision combines mean benefit, robustness penalty, activation cost and speed policy"
3,3,2,2,16,13,3,81.25,7.18,-1.06,14.92,0.79,"final decision combines mean benefit, robustness penalty, activation cost and speed policy"
3,3,2,4,16,11,5,68.75,4.91,-3.25,12.58,0.81,"final decision combines mean benefit, robustness penalty, activation cost and speed policy"
3,3,2,6,16,11,5,68.75,2.65,-5.43,10.24,0.81,"final decision combines mean benefit, robustness penalty, activation cost and speed policy"
3,3,2,8,16,9,7,56.25,0.38,-7.62,7.9,0.82,"final decision combines mean benefit, robustness penalty, activation cost and speed policy"
3,3,2,10,16,7,9,43.75,-1.88,-9.83,5.56,0.84,"final decision combines mean benefit, robustness penalty, activation cost and speed policy"
3,3,2,12,16,5,11,31.25,-4.15,-12.11,3.21,0.85,"final decision combines mean benefit, robustness penalty, activation cost and speed policy"
3,3,2,15,16,0,16,0.0,-7.55,-15.53,-0.3,0.89,"final decision combines mean benefit, robustness penalty, activation cost and speed policy"
3,3,2,20,16,0,16,0.0,-13.22,-21.22,-6.15,0.89,"final decision combines mean benefit, robustness penalty, activation cost and speed policy"
3,3,2,25,16,0,16,0.0,-18.88,-26.91,-12.0,0.89,"final decision combines mean benefit, robustness penalty, activation cost and speed policy"
4,4,0,0,16,16,0,100.0,13.41,7.73,22.23,0.78,"final decision combines mean benefit, robustness penalty, activation cost and speed policy"
4,4,0,2,16,16,0,100.0,11.15,5.48,19.95,0.78,"final decision combines mean benefit, robustness penalty, activation cost and speed policy"
4,4,0,4,16,16,0,100.0,8.88,3.23,17.68,0.78,"final decision combines mean benefit, robustness penalty, activation cost and speed policy"
4,4,0,6,16,16,0,100.0,6.62,0.97,15.4,0.78,"final decision combines mean benefit, robustness penalty, activation cost and speed policy"
4,4,0,8,16,13,3,81.25,4.35,-1.28,13.12,0.79,"final decision combines mean benefit, robustness penalty, activation cost and speed policy"
4,4,0,10,16,11,5,68.75,2.09,-3.53,10.85,0.81,"final decision combines mean benefit, robustness penalty, activation cost and speed policy"
4,4,0,12,16,8,8,50.0,-0.18,-5.78,8.57,0.83,"final decision combines mean benefit, robustness penalty, activation cost and speed policy"
4,4,0,15,16,3,13,18.75,-3.58,-9.16,5.15,0.86,"final decision combines mean benefit, robustness penalty, activation cost and speed policy"
4,4,0,20,16,0,16,0.0,-9.25,-14.79,-0.54,0.89,"final decision combines mean benefit, robustness penalty, activation cost and speed policy"
4,4,0,25,16,0,16,0.0,-14.91,-20.42,-6.23,0.89,"final decision combines mean benefit, robustness penalty, activation cost and speed policy"
4,4,0.5,0,16,16,0,100.0,11.19,5.89,19.36,0.78,"final decision combines mean benefit, robustness penalty, activation cost and speed policy"
4,4,0.5,2,16,16,0,100.0,8.92,3.7,17.08,0.78,"final decision combines mean benefit, robustness penalty, activation cost and speed policy"
4,4,0.5,4,16,16,0,100.0,6.65,1.51,14.81,0.78,"final decision combines mean benefit, robustness penalty, activation cost and speed policy"
4,4,0.5,6,16,14,2,87.5,4.39,-0.67,12.53,0.79,"final decision combines mean benefit, robustness penalty, activation cost and speed policy"
4,4,0.5,8,16,11,5,68.75,2.12,-2.86,10.25,0.81,"final decision combines mean benefit, robustness penalty, activation cost and speed policy"
4,4,0.5,10,16,9,7,56.25,-0.14,-5.11,7.98,0.82,"final decision combines mean benefit, robustness penalty, activation cost and speed policy"
4,4,0.5,12,16,3,13,18.75,-2.41,-7.39,5.7,0.87,"final decision combines mean benefit, robustness penalty, activation cost and speed policy"
4,4,0.5,15,16,1,15,6.25,-5.81,-10.8,2.28,0.88,"final decision combines mean benefit, robustness penalty, activation cost and speed policy"
4,4,0.5,20,16,0,16,0.0,-11.47,-16.49,-3.41,0.89,"final decision combines mean benefit, robustness penalty, activation cost and speed policy"
4,4,0.5,25,16,0,16,0.0,-17.14,-22.19,-9.1,0.89,"final decision combines mean benefit, robustness penalty, activation cost and speed policy"
4,4,1,0,16,16,0,100.0,8.96,2.38,16.49,0.78,"final decision combines mean benefit, robustness penalty, activation cost and speed policy"
4,4,1,2,16,16,0,100.0,6.69,0.19,14.21,0.78,"final decision combines mean benefit, robustness penalty, activation cost and speed policy"
4,4,1,4,16,13,3,81.25,4.42,-2.0,11.94,0.8,"final decision combines mean benefit, robustness penalty, activation cost and speed policy"
4,4,1,6,16,10,6,62.5,2.16,-4.18,9.66,0.81,"final decision combines mean benefit, robustness penalty, activation cost and speed policy"
4,4,1,8,16,9,7,56.25,-0.11,-6.37,7.38,0.82,"final decision combines mean benefit, robustness penalty, activation cost and speed policy"
4,4,1,10,16,5,11,31.25,-2.37,-8.56,5.11,0.85,"final decision combines mean benefit, robustness penalty, activation cost and speed policy"
4,4,1,12,16,2,14,12.5,-4.64,-10.75,2.83,0.87,"final decision combines mean benefit, robustness penalty, activation cost and speed policy"
4,4,1,15,16,0,16,0.0,-8.04,-14.03,-0.59,0.89,"final decision combines mean benefit, robustness penalty, activation cost and speed policy"
4,4,1,20,16,0,16,0.0,-13.71,-19.5,-6.28,0.89,"final decision combines mean benefit, robustness penalty, activation cost and speed policy"
4,4,1,25,16,0,16,0.0,-19.37,-25.0,-11.97,0.89,"final decision combines mean benefit, robustness penalty, activation cost and speed policy"
4,4,1.5,0,16,14,2,87.5,6.73,-1.13,13.62,0.79,"final decision combines mean benefit, robustness penalty, activation cost and speed policy"
4,4,1.5,2,16,11,5,68.75,4.46,-3.32,11.34,0.81,"final decision combines mean benefit, robustness penalty, activation cost and speed policy"
4,4,1.5,4,16,10,6,62.5,2.2,-5.51,9.07,0.82,"final decision combines mean benefit, robustness penalty, activation cost and speed policy"
4,4,1.5,6,16,8,8,50.0,-0.07,-7.69,6.79,0.83,"final decision combines mean benefit, robustness penalty, activation cost and speed policy"
4,4,1.5,8,16,6,10,37.5,-2.34,-9.88,4.51,0.84,"final decision combines mean benefit, robustness penalty, activation cost and speed policy"
4,4,1.5,10,16,4,12,25.0,-4.6,-12.07,2.24,0.86,"final decision combines mean benefit, robustness penalty, activation cost and speed policy"
4,4,1.5,12,16,0,16,0.0,-6.87,-14.26,-0.04,0.89,"final decision combines mean benefit, robustness penalty, activation cost and speed policy"
4,4,1.5,15,16,0,16,0.0,-10.27,-17.54,-3.46,0.89,"final decision combines mean benefit, robustness penalty, activation cost and speed policy"
4,4,1.5,20,16,0,16,0.0,-15.93,-23.01,-9.15,0.89,"final decision combines mean benefit, robustness penalty, activation cost and speed policy"
4,4,1.5,25,16,0,16,0.0,-21.6,-28.48,-14.84,0.89,"final decision combines mean benefit, robustness penalty, activation cost and speed policy"
4,4,2,0,16,11,5,68.75,4.5,-4.64,12.28,0.81,"final decision combines mean benefit, robustness penalty, activation cost and speed policy"
4,4,2,2,16,11,5,68.75,2.23,-6.83,9.94,0.81,"final decision combines mean benefit, robustness penalty, activation cost and speed policy"
4,4,2,4,16,9,7,56.25,-0.03,-9.02,7.6,0.82,"final decision combines mean benefit, robustness penalty, activation cost and speed policy"
4,4,2,6,16,6,10,37.5,-2.3,-11.2,5.26,0.84,"final decision combines mean benefit, robustness penalty, activation cost and speed policy"
4,4,2,8,16,5,11,31.25,-4.57,-13.39,2.92,0.85,"final decision combines mean benefit, robustness penalty, activation cost and speed policy"
4,4,2,10,16,1,15,6.25,-6.83,-15.58,0.58,0.88,"final decision combines mean benefit, robustness penalty, activation cost and speed policy"
4,4,2,12,16,0,16,0.0,-9.1,-17.77,-1.77,0.89,"final decision combines mean benefit, robustness penalty, activation cost and speed policy"
4,4,2,15,16,0,16,0.0,-12.5,-21.05,-5.28,0.89,"final decision combines mean benefit, robustness penalty, activation cost and speed policy"
4,4,2,20,16,0,16,0.0,-18.16,-26.52,-11.13,0.89,"final decision combines mean benefit, robustness penalty, activation cost and speed policy"
4,4,2,25,16,0,16,0.0,-23.83,-31.99,-16.98,0.89,"final decision combines mean benefit, robustness penalty, activation cost and speed policy"
5,5,0,0,16,16,0,100.0,8.96,2.79,18.37,0.78,"final decision combines mean benefit, robustness penalty, activation cost and speed policy"
5,5,0,2,16,16,0,100.0,6.69,0.54,16.09,0.78,"final decision combines mean benefit, robustness penalty, activation cost and speed policy"
5,5,0,4,16,14,2,87.5,4.43,-1.71,13.82,0.79,"final decision combines mean benefit, robustness penalty, activation cost and speed policy"
5,5,0,6,16,12,4,75.0,2.16,-3.97,11.54,0.8,"final decision combines mean benefit, robustness penalty, activation cost and speed policy"
5,5,0,8,16,8,8,50.0,-0.1,-6.22,9.26,0.83,"final decision combines mean benefit, robustness penalty, activation cost and speed policy"
5,5,0,10,16,4,12,25.0,-2.37,-8.47,6.99,0.86,"final decision combines mean benefit, robustness penalty, activation cost and speed policy"
5,5,0,12,16,1,15,6.25,-4.64,-10.72,4.71,0.88,"final decision combines mean benefit, robustness penalty, activation cost and speed policy"
5,5,0,15,16,1,15,6.25,-8.04,-14.1,1.29,0.88,"final decision combines mean benefit, robustness penalty, activation cost and speed policy"
5,5,0,20,16,0,16,0.0,-13.7,-19.73,-4.4,0.89,"final decision combines mean benefit, robustness penalty, activation cost and speed policy"
5,5,0,25,16,0,16,0.0,-19.37,-25.36,-10.09,0.89,"final decision combines mean benefit, robustness penalty, activation cost and speed policy"
5,5,0.5,0,16,15,1,93.75,6.6,-0.46,15.38,0.78,"final decision combines mean benefit, robustness penalty, activation cost and speed policy"
5,5,0.5,2,16,14,2,87.5,4.34,-2.65,13.1,0.79,"final decision combines mean benefit, robustness penalty, activation cost and speed policy"
5,5,0.5,4,16,11,5,68.75,2.07,-4.84,10.83,0.81,"final decision combines mean benefit, robustness penalty, activation cost and speed policy"
5,5,0.5,6,16,9,7,56.25,-0.2,-7.03,8.55,0.82,"final decision combines mean benefit, robustness penalty, activation cost and speed policy"
5,5,0.5,8,16,4,12,25.0,-2.46,-9.22,6.27,0.86,"final decision combines mean benefit, robustness penalty, activation cost and speed policy"
5,5,0.5,10,16,2,14,12.5,-4.73,-11.41,4.0,0.87,"final decision combines mean benefit, robustness penalty, activation cost and speed policy"
5,5,0.5,12,16,1,15,6.25,-6.99,-13.59,1.72,0.88,"final decision combines mean benefit, robustness penalty, activation cost and speed policy"
5,5,0.5,15,16,0,16,0.0,-10.39,-16.88,-1.7,0.89,"final decision combines mean benefit, robustness penalty, activation cost and speed policy"
5,5,0.5,20,16,0,16,0.0,-16.06,-22.35,-7.39,0.89,"final decision combines mean benefit, robustness penalty, activation cost and speed policy"
5,5,0.5,25,16,0,16,0.0,-21.72,-27.82,-13.08,0.89,"final decision combines mean benefit, robustness penalty, activation cost and speed policy"
5,5,1,0,16,13,3,81.25,4.25,-4.4,12.39,0.8,"final decision combines mean benefit, robustness penalty, activation cost and speed policy"
5,5,1,2,16,9,7,56.25,1.98,-6.59,10.11,0.82,"final decision combines mean benefit, robustness penalty, activation cost and speed policy"
5,5,1,4,16,8,8,50.0,-0.28,-8.78,7.84,0.83,"final decision combines mean benefit, robustness penalty, activation cost and speed policy"
5,5,1,6,16,6,10,37.5,-2.55,-10.96,5.56,0.84,"final decision combines mean benefit, robustness penalty, activation cost and speed policy"
5,5,1,8,16,2,14,12.5,-4.82,-13.15,3.28,0.87,"final decision combines mean benefit, robustness penalty, activation cost and speed policy"
5,5,1,10,16,1,15,6.25,-7.08,-15.34,1.01,0.88,"final decision combines mean benefit, robustness penalty, activation cost and speed policy"
5,5,1,12,16,0,16,0.0,-9.35,-17.53,-1.27,0.89,"final decision combines mean benefit, robustness penalty, activation cost and speed policy"
5,5,1,15,16,0,16,0.0,-12.75,-20.81,-4.69,0.89,"final decision combines mean benefit, robustness penalty, activation cost and speed policy"
5,5,1,20,16,0,16,0.0,-18.41,-26.28,-10.38,0.89,"final decision combines mean benefit, robustness penalty, activation cost and speed policy"
5,5,1,25,16,0,16,0.0,-24.08,-31.75,-16.07,0.89,"final decision combines mean benefit, robustness penalty, activation cost and speed policy"
5,5,1.5,0,16,9,7,56.25,1.89,-8.33,9.4,0.82,"final decision combines mean benefit, robustness penalty, activation cost and speed policy"
5,5,1.5,2,16,8,8,50.0,-0.38,-10.52,7.12,0.83,"final decision combines mean benefit, robustness penalty, activation cost and speed policy"
5,5,1.5,4,16,7,9,43.75,-2.64,-12.71,4.85,0.84,"final decision combines mean benefit, robustness penalty, activation cost and speed policy"
5,5,1.5,6,16,3,13,18.75,-4.91,-14.9,2.57,0.87,"final decision combines mean benefit, robustness penalty, activation cost and speed policy"
5,5,1.5,8,16,1,15,6.25,-7.17,-17.09,0.29,0.88,"final decision combines mean benefit, robustness penalty, activation cost and speed policy"
5,5,1.5,10,16,0,16,0.0,-9.44,-19.28,-1.98,0.89,"final decision combines mean benefit, robustness penalty, activation cost and speed policy"
5,5,1.5,12,16,0,16,0.0,-11.71,-21.46,-4.26,0.89,"final decision combines mean benefit, robustness penalty, activation cost and speed policy"
5,5,1.5,15,16,0,16,0.0,-15.11,-24.75,-7.68,0.89,"final decision combines mean benefit, robustness penalty, activation cost and speed policy"
5,5,1.5,20,16,0,16,0.0,-20.77,-30.22,-13.37,0.89,"final decision combines mean benefit, robustness penalty, activation cost and speed policy"
5,5,1.5,25,16,0,16,0.0,-26.44,-35.69,-19.06,0.89,"final decision combines mean benefit, robustness penalty, activation cost and speed policy"
5,5,2,0,16,9,7,56.25,-0.47,-12.27,7.27,0.82,"final decision combines mean benefit, robustness penalty, activation cost and speed policy"
5,5,2,2,16,7,9,43.75,-2.73,-14.46,4.93,0.84,"final decision combines mean benefit, robustness penalty, activation cost and speed policy"
5,5,2,4,16,6,10,37.5,-5.0,-16.65,2.59,0.84,"final decision combines mean benefit, robustness penalty, activation cost and speed policy"
5,5,2,6,16,2,14,12.5,-7.26,-18.83,0.25,0.88,"final decision combines mean benefit, robustness penalty, activation cost and speed policy"
5,5,2,8,16,0,16,0.0,-9.53,-21.02,-2.09,0.89,"final decision combines mean benefit, robustness penalty, activation cost and speed policy"
5,5,2,10,16,0,16,0.0,-11.79,-23.21,-4.43,0.89,"final decision combines mean benefit, robustness penalty, activation cost and speed policy"
5,5,2,12,16,0,16,0.0,-14.06,-25.4,-6.7,0.89,"final decision combines mean benefit, robustness penalty, activation cost and speed policy"
5,5,2,15,16,0,16,0.0,-17.46,-28.68,-10.08,0.89,"final decision combines mean benefit, robustness penalty, activation cost and speed policy"
5,5,2,20,16,0,16,0.0,-23.13,-34.15,-15.71,0.89,"final decision combines mean benefit, robustness penalty, activation cost and speed policy"
5,5,2,25,16,0,16,0.0,-28.79,-39.62,-21.34,0.89,"final decision combines mean benefit, robustness penalty, activation cost and speed policy"
6,6,0,0,16,14,2,87.5,4.51,-2.46,14.52,0.79,"final decision combines mean benefit, robustness penalty, activation cost and speed policy"
6,6,0,2,16,12,4,75.0,2.24,-4.65,12.24,0.8,"final decision combines mean benefit, robustness penalty, activation cost and speed policy"
6,6,0,4,16,8,8,50.0,-0.03,-6.84,9.97,0.83,"final decision combines mean benefit, robustness penalty, activation cost and speed policy"
6,6,0,6,16,3,13,18.75,-2.29,-9.02,7.69,0.87,"final decision combines mean benefit, robustness penalty, activation cost and speed policy"
6,6,0,8,16,2,14,12.5,-4.56,-11.21,5.41,0.87,"final decision combines mean benefit, robustness penalty, activation cost and speed policy"
6,6,0,10,16,1,15,6.25,-6.82,-13.41,3.14,0.88,"final decision combines mean benefit, robustness penalty, activation cost and speed policy"
6,6,0,12,16,1,15,6.25,-9.09,-15.66,0.86,0.88,"final decision combines mean benefit, robustness penalty, activation cost and speed policy"
6,6,0,15,16,0,16,0.0,-12.49,-19.04,-2.56,0.89,"final decision combines mean benefit, robustness penalty, activation cost and speed policy"
6,6,0,20,16,0,16,0.0,-18.16,-24.67,-8.25,0.89,"final decision combines mean benefit, robustness penalty, activation cost and speed policy"
6,6,0,25,16,0,16,0.0,-23.82,-30.3,-13.94,0.89,"final decision combines mean benefit, robustness penalty, activation cost and speed policy"
6,6,0.5,0,16,11,5,68.75,2.02,-6.83,11.41,0.81,"final decision combines mean benefit, robustness penalty, activation cost and speed policy"
6,6,0.5,2,16,7,9,43.75,-0.25,-9.02,9.13,0.84,"final decision combines mean benefit, robustness penalty, activation cost and speed policy"
6,6,0.5,4,16,4,12,25.0,-2.51,-11.21,6.86,0.86,"final decision combines mean benefit, robustness penalty, activation cost and speed policy"
6,6,0.5,6,16,3,13,18.75,-4.78,-13.39,4.58,0.87,"final decision combines mean benefit, robustness penalty, activation cost and speed policy"
6,6,0.5,8,16,1,15,6.25,-7.04,-15.58,2.3,0.88,"final decision combines mean benefit, robustness penalty, activation cost and speed policy"
6,6,0.5,10,16,1,15,6.25,-9.31,-17.77,0.03,0.88,"final decision combines mean benefit, robustness penalty, activation cost and speed policy"
6,6,0.5,12,16,0,16,0.0,-11.58,-19.96,-2.25,0.89,"final decision combines mean benefit, robustness penalty, activation cost and speed policy"
6,6,0.5,15,16,0,16,0.0,-14.97,-23.24,-5.67,0.89,"final decision combines mean benefit, robustness penalty, activation cost and speed policy"
6,6,0.5,20,16,0,16,0.0,-20.64,-28.71,-11.36,0.89,"final decision combines mean benefit, robustness penalty, activation cost and speed policy"
6,6,0.5,25,16,0,16,0.0,-26.3,-34.18,-17.05,0.89,"final decision combines mean benefit, robustness penalty, activation cost and speed policy"
6,6,1,0,16,7,9,43.75,-0.46,-11.2,8.3,0.84,"final decision combines mean benefit, robustness penalty, activation cost and speed policy"
6,6,1,2,16,6,10,37.5,-2.73,-13.39,6.02,0.85,"final decision combines mean benefit, robustness penalty, activation cost and speed policy"
6,6,1,4,16,2,14,12.5,-5.0,-15.58,3.75,0.87,"final decision combines mean benefit, robustness penalty, activation cost and speed policy"
6,6,1,6,16,1,15,6.25,-7.26,-17.76,1.47,0.88,"final decision combines mean benefit, robustness penalty, activation cost and speed policy"
6,6,1,8,16,0,16,0.0,-9.53,-19.95,-0.81,0.89,"final decision combines mean benefit, robustness penalty, activation cost and speed policy"
6,6,1,10,16,0,16,0.0,-11.79,-22.14,-3.08,0.89,"final decision combines mean benefit, robustness penalty, activation cost and speed policy"
6,6,1,12,16,0,16,0.0,-14.06,-24.33,-5.36,0.89,"final decision combines mean benefit, robustness penalty, activation cost and speed policy"
6,6,1,15,16,0,16,0.0,-17.46,-27.61,-8.78,0.89,"final decision combines mean benefit, robustness penalty, activation cost and speed policy"
6,6,1,20,16,0,16,0.0,-23.12,-33.08,-14.47,0.89,"final decision combines mean benefit, robustness penalty, activation cost and speed policy"
6,6,1,25,16,0,16,0.0,-28.79,-38.55,-20.16,0.89,"final decision combines mean benefit, robustness penalty, activation cost and speed policy"
6,6,1.5,0,16,7,9,43.75,-2.95,-15.57,5.19,0.84,"final decision combines mean benefit, robustness penalty, activation cost and speed policy"
6,6,1.5,2,16,3,13,18.75,-5.21,-17.76,2.91,0.87,"final decision combines mean benefit, robustness penalty, activation cost and speed policy"
6,6,1.5,4,16,1,15,6.25,-7.48,-19.95,0.64,0.88,"final decision combines mean benefit, robustness penalty, activation cost and speed policy"
6,6,1.5,6,16,0,16,0.0,-9.75,-22.13,-1.64,0.89,"final decision combines mean benefit, robustness penalty, activation cost and speed policy"
6,6,1.5,8,16,0,16,0.0,-12.01,-24.32,-3.92,0.89,"final decision combines mean benefit, robustness penalty, activation cost and speed policy"
6,6,1.5,10,16,0,16,0.0,-14.28,-26.51,-6.19,0.89,"final decision combines mean benefit, robustness penalty, activation cost and speed policy"
6,6,1.5,12,16,0,16,0.0,-16.55,-28.7,-8.47,0.89,"final decision combines mean benefit, robustness penalty, activation cost and speed policy"
6,6,1.5,15,16,0,16,0.0,-19.94,-31.98,-11.89,0.89,"final decision combines mean benefit, robustness penalty, activation cost and speed policy"
6,6,1.5,20,16,0,16,0.0,-25.61,-37.45,-17.58,0.89,"final decision combines mean benefit, robustness penalty, activation cost and speed policy"
6,6,1.5,25,16,0,16,0.0,-31.27,-42.92,-23.27,0.89,"final decision combines mean benefit, robustness penalty, activation cost and speed policy"
6,6,2,0,16,5,10,31.25,-5.43,-19.94,2.51,0.85,"final decision combines mean benefit, robustness penalty, activation cost and speed policy"
6,6,2,2,16,1,15,6.25,-7.7,-22.13,0.26,0.88,"final decision combines mean benefit, robustness penalty, activation cost and speed policy"
6,6,2,4,16,0,16,0.0,-9.96,-24.32,-1.99,0.89,"final decision combines mean benefit, robustness penalty, activation cost and speed policy"
6,6,2,6,16,0,16,0.0,-12.23,-26.5,-4.25,0.89,"final decision combines mean benefit, robustness penalty, activation cost and speed policy"
6,6,2,8,16,0,16,0.0,-14.5,-28.69,-6.5,0.89,"final decision combines mean benefit, robustness penalty, activation cost and speed policy"
6,6,2,10,16,0,16,0.0,-16.76,-30.88,-8.75,0.89,"final decision combines mean benefit, robustness penalty, activation cost and speed policy"
6,6,2,12,16,0,16,0.0,-19.03,-33.07,-11.0,0.89,"final decision combines mean benefit, robustness penalty, activation cost and speed policy"
6,6,2,15,16,0,16,0.0,-22.43,-36.35,-14.38,0.89,"final decision combines mean benefit, robustness penalty, activation cost and speed policy"
6,6,2,20,16,0,16,0.0,-28.09,-41.82,-20.01,0.89,"final decision combines mean benefit, robustness penalty, activation cost and speed policy"
6,6,2,25,16,0,16,0.0,-33.76,-47.29,-25.64,0.89,"final decision combines mean benefit, robustness penalty, activation cost and speed policy"
8,8,0,0,16,3,13,18.75,-4.41,-14.32,6.8,0.6,"final decision combines mean benefit, robustness penalty, activation cost and speed policy"
8,8,0,2,16,2,14,12.5,-6.67,-16.51,4.52,0.6,"final decision combines mean benefit, robustness penalty, activation cost and speed policy"
8,8,0,4,16,1,15,6.25,-8.94,-18.7,2.25,0.6,"final decision combines mean benefit, robustness penalty, activation cost and speed policy"
8,8,0,6,16,0,16,0.0,-11.2,-20.88,-0.03,0.6,"final decision combines mean benefit, robustness penalty, activation cost and speed policy"
8,8,0,8,16,0,16,0.0,-13.47,-23.07,-2.31,0.6,"final decision combines mean benefit, robustness penalty, activation cost and speed policy"
8,8,0,10,16,0,16,0.0,-15.73,-25.26,-4.58,0.6,"final decision combines mean benefit, robustness penalty, activation cost and speed policy"
8,8,0,12,16,0,16,0.0,-18.0,-27.45,-6.86,0.6,"final decision combines mean benefit, robustness penalty, activation cost and speed policy"
8,8,0,15,16,0,16,0.0,-21.4,-30.73,-10.28,0.6,"final decision combines mean benefit, robustness penalty, activation cost and speed policy"
8,8,0,20,16,0,16,0.0,-27.07,-36.2,-15.97,0.6,"final decision combines mean benefit, robustness penalty, activation cost and speed policy"
8,8,0,25,16,0,16,0.0,-32.73,-41.67,-21.66,0.6,"final decision combines mean benefit, robustness penalty, activation cost and speed policy"
8,8,0.5,0,16,2,14,12.5,-7.16,-19.57,3.45,0.6,"final decision combines mean benefit, robustness penalty, activation cost and speed policy"
8,8,0.5,2,16,1,15,6.25,-9.42,-21.75,1.17,0.6,"final decision combines mean benefit, robustness penalty, activation cost and speed policy"
8,8,0.5,4,16,0,16,0.0,-11.69,-23.94,-1.1,0.6,"final decision combines mean benefit, robustness penalty, activation cost and speed policy"
8,8,0.5,6,16,0,16,0.0,-13.95,-26.13,-3.38,0.6,"final decision combines mean benefit, robustness penalty, activation cost and speed policy"
8,8,0.5,8,16,0,16,0.0,-16.22,-28.32,-5.66,0.6,"final decision combines mean benefit, robustness penalty, activation cost and speed policy"
8,8,0.5,10,16,0,16,0.0,-18.48,-30.51,-7.93,0.6,"final decision combines mean benefit, robustness penalty, activation cost and speed policy"
8,8,0.5,12,16,0,16,0.0,-20.75,-32.69,-10.21,0.6,"final decision combines mean benefit, robustness penalty, activation cost and speed policy"
8,8,0.5,15,16,0,16,0.0,-24.15,-35.98,-13.63,0.6,"final decision combines mean benefit, robustness penalty, activation cost and speed policy"
8,8,0.5,20,16,0,16,0.0,-29.81,-41.45,-19.32,0.6,"final decision combines mean benefit, robustness penalty, activation cost and speed policy"
8,8,0.5,25,16,0,16,0.0,-35.48,-46.92,-25.01,0.6,"final decision combines mean benefit, robustness penalty, activation cost and speed policy"
8,8,1,0,16,1,15,6.25,-9.9,-24.81,0.1,0.6,"final decision combines mean benefit, robustness penalty, activation cost and speed policy"
8,8,1,2,16,0,16,0.0,-12.17,-27.0,-2.18,0.6,"final decision combines mean benefit, robustness penalty, activation cost and speed policy"
8,8,1,4,16,0,16,0.0,-14.43,-29.19,-4.45,0.6,"final decision combines mean benefit, robustness penalty, activation cost and speed policy"
8,8,1,6,16,0,16,0.0,-16.7,-31.37,-6.73,0.6,"final decision combines mean benefit, robustness penalty, activation cost and speed policy"
8,8,1,8,16,0,16,0.0,-18.96,-33.56,-9.01,0.6,"final decision combines mean benefit, robustness penalty, activation cost and speed policy"
8,8,1,10,16,0,16,0.0,-21.23,-35.75,-11.28,0.6,"final decision combines mean benefit, robustness penalty, activation cost and speed policy"
8,8,1,12,16,0,16,0.0,-23.5,-37.94,-13.56,0.6,"final decision combines mean benefit, robustness penalty, activation cost and speed policy"
8,8,1,15,16,0,16,0.0,-26.9,-41.22,-16.98,0.6,"final decision combines mean benefit, robustness penalty, activation cost and speed policy"
8,8,1,20,16,0,16,0.0,-32.56,-46.69,-22.67,0.6,"final decision combines mean benefit, robustness penalty, activation cost and speed policy"
8,8,1,25,16,0,16,0.0,-38.22,-52.16,-28.36,0.6,"final decision combines mean benefit, robustness penalty, activation cost and speed policy"
8,8,1.5,0,16,0,16,0.0,-12.65,-30.05,-3.25,0.6,"final decision combines mean benefit, robustness penalty, activation cost and speed policy"
8,8,1.5,2,16,0,16,0.0,-14.91,-32.24,-5.53,0.6,"final decision combines mean benefit, robustness penalty, activation cost and speed policy"
8,8,1.5,4,16,0,16,0.0,-17.18,-34.43,-7.8,0.6,"final decision combines mean benefit, robustness penalty, activation cost and speed policy"
8,8,1.5,6,16,0,16,0.0,-19.45,-36.62,-10.08,0.6,"final decision combines mean benefit, robustness penalty, activation cost and speed policy"
8,8,1.5,8,16,0,16,0.0,-21.71,-38.81,-12.36,0.6,"final decision combines mean benefit, robustness penalty, activation cost and speed policy"
8,8,1.5,10,16,0,16,0.0,-23.98,-41.0,-14.63,0.6,"final decision combines mean benefit, robustness penalty, activation cost and speed policy"
8,8,1.5,12,16,0,16,0.0,-26.24,-43.18,-16.91,0.6,"final decision combines mean benefit, robustness penalty, activation cost and speed policy"
8,8,1.5,15,16,0,16,0.0,-29.64,-46.47,-20.33,0.6,"final decision combines mean benefit, robustness penalty, activation cost and speed policy"
8,8,1.5,20,16,0,16,0.0,-35.31,-51.94,-26.02,0.6,"final decision combines mean benefit, robustness penalty, activation cost and speed policy"
8,8,1.5,25,16,0,16,0.0,-40.97,-57.41,-31.71,0.6,"final decision combines mean benefit, robustness penalty, activation cost and speed policy"
8,8,2,0,16,0,16,0.0,-15.39,-35.3,-6.12,0.6,"final decision combines mean benefit, robustness penalty, activation cost and speed policy"
8,8,2,2,16,0,16,0.0,-17.66,-37.49,-8.37,0.6,"final decision combines mean benefit, robustness penalty, activation cost and speed policy"
8,8,2,4,16,0,16,0.0,-19.93,-39.68,-10.62,0.6,"final decision combines mean benefit, robustness penalty, activation cost and speed policy"
8,8,2,6,16,0,16,0.0,-22.19,-41.86,-12.88,0.6,"final decision combines mean benefit, robustness penalty, activation cost and speed policy"
8,8,2,8,16,0,16,0.0,-24.46,-44.05,-15.13,0.6,"final decision combines mean benefit, robustness penalty, activation cost and speed policy"
8,8,2,10,16,0,16,0.0,-26.72,-46.24,-17.38,0.6,"final decision combines mean benefit, robustness penalty, activation cost and speed policy"
8,8,2,12,16,0,16,0.0,-28.99,-48.43,-19.63,0.6,"final decision combines mean benefit, robustness penalty, activation cost and speed policy"
8,8,2,15,16,0,16,0.0,-32.39,-51.71,-23.01,0.6,"final decision combines mean benefit, robustness penalty, activation cost and speed policy"
8,8,2,20,16,0,16,0.0,-38.05,-57.18,-28.64,0.6,"final decision combines mean benefit, robustness penalty, activation cost and speed policy"
8,8,2,25,16,0,16,0.0,-43.72,-62.65,-34.27,0.6,"final decision combines mean benefit, robustness penalty, activation cost and speed policy"
10,10,0,0,16,0,16,0.0,-13.32,-26.18,-0.91,0.6,"final decision combines mean benefit, robustness penalty, activation cost and speed policy"
10,10,0,2,16,0,16,0.0,-15.58,-28.37,-3.19,0.6,"final decision combines mean benefit, robustness penalty, activation cost and speed policy"
10,10,0,4,16,0,16,0.0,-17.85,-30.56,-5.46,0.6,"final decision combines mean benefit, robustness penalty, activation cost and speed policy"
10,10,0,6,16,0,16,0.0,-20.12,-32.74,-7.74,0.6,"final decision combines mean benefit, robustness penalty, activation cost and speed policy"
10,10,0,8,16,0,16,0.0,-22.38,-34.93,-10.02,0.6,"final decision combines mean benefit, robustness penalty, activation cost and speed policy"
10,10,0,10,16,0,16,0.0,-24.65,-37.12,-12.29,0.6,"final decision combines mean benefit, robustness penalty, activation cost and speed policy"
10,10,0,12,16,0,16,0.0,-26.91,-39.31,-14.57,0.6,"final decision combines mean benefit, robustness penalty, activation cost and speed policy"
10,10,0,15,16,0,16,0.0,-30.31,-42.59,-17.99,0.6,"final decision combines mean benefit, robustness penalty, activation cost and speed policy"
10,10,0,20,16,0,16,0.0,-35.98,-48.06,-23.68,0.6,"final decision combines mean benefit, robustness penalty, activation cost and speed policy"
10,10,0,25,16,0,16,0.0,-41.64,-53.53,-29.37,0.6,"final decision combines mean benefit, robustness penalty, activation cost and speed policy"
10,10,0.5,0,16,0,16,0.0,-16.33,-32.31,-4.5,0.6,"final decision combines mean benefit, robustness penalty, activation cost and speed policy"
10,10,0.5,2,16,0,16,0.0,-18.6,-34.5,-6.78,0.6,"final decision combines mean benefit, robustness penalty, activation cost and speed policy"
10,10,0.5,4,16,0,16,0.0,-20.86,-36.69,-9.05,0.6,"final decision combines mean benefit, robustness penalty, activation cost and speed policy"
10,10,0.5,6,16,0,16,0.0,-23.13,-38.87,-11.33,0.6,"final decision combines mean benefit, robustness penalty, activation cost and speed policy"
10,10,0.5,8,16,0,16,0.0,-25.4,-41.06,-13.61,0.6,"final decision combines mean benefit, robustness penalty, activation cost and speed policy"
10,10,0.5,10,16,0,16,0.0,-27.66,-43.25,-15.88,0.6,"final decision combines mean benefit, robustness penalty, activation cost and speed policy"
10,10,0.5,12,16,0,16,0.0,-29.93,-45.44,-18.16,0.6,"final decision combines mean benefit, robustness penalty, activation cost and speed policy"
10,10,0.5,15,16,0,16,0.0,-33.33,-48.72,-21.58,0.6,"final decision combines mean benefit, robustness penalty, activation cost and speed policy"
10,10,0.5,20,16,0,16,0.0,-38.99,-54.19,-27.27,0.6,"final decision combines mean benefit, robustness penalty, activation cost and speed policy"
10,10,0.5,25,16,0,16,0.0,-44.66,-59.66,-32.96,0.6,"final decision combines mean benefit, robustness penalty, activation cost and speed policy"
10,10,1,0,16,0,16,0.0,-19.35,-38.44,-8.09,0.6,"final decision combines mean benefit, robustness penalty, activation cost and speed policy"
10,10,1,2,16,0,16,0.0,-21.61,-40.63,-10.37,0.6,"final decision combines mean benefit, robustness penalty, activation cost and speed policy"
10,10,1,4,16,0,16,0.0,-23.88,-42.82,-12.64,0.6,"final decision combines mean benefit, robustness penalty, activation cost and speed policy"
10,10,1,6,16,0,16,0.0,-26.14,-45.0,-14.92,0.6,"final decision combines mean benefit, robustness penalty, activation cost and speed policy"
10,10,1,8,16,0,16,0.0,-28.41,-47.19,-17.2,0.6,"final decision combines mean benefit, robustness penalty, activation cost and speed policy"
10,10,1,10,16,0,16,0.0,-30.67,-49.38,-19.47,0.6,"final decision combines mean benefit, robustness penalty, activation cost and speed policy"
10,10,1,12,16,0,16,0.0,-32.94,-51.57,-21.75,0.6,"final decision combines mean benefit, robustness penalty, activation cost and speed policy"
10,10,1,15,16,0,16,0.0,-36.34,-54.85,-25.17,0.6,"final decision combines mean benefit, robustness penalty, activation cost and speed policy"
10,10,1,20,16,0,16,0.0,-42.01,-60.32,-30.86,0.6,"final decision combines mean benefit, robustness penalty, activation cost and speed policy"
10,10,1,25,16,0,16,0.0,-47.67,-65.79,-36.55,0.6,"final decision combines mean benefit, robustness penalty, activation cost and speed policy"
10,10,1.5,0,16,0,16,0.0,-22.36,-44.57,-11.68,0.6,"final decision combines mean benefit, robustness penalty, activation cost and speed policy"
10,10,1.5,2,16,0,16,0.0,-24.63,-46.76,-13.96,0.6,"final decision combines mean benefit, robustness penalty, activation cost and speed policy"
10,10,1.5,4,16,0,16,0.0,-26.89,-48.95,-16.23,0.6,"final decision combines mean benefit, robustness penalty, activation cost and speed policy"
10,10,1.5,6,16,0,16,0.0,-29.16,-51.13,-18.51,0.6,"final decision combines mean benefit, robustness penalty, activation cost and speed policy"
10,10,1.5,8,16,0,16,0.0,-31.42,-53.32,-20.79,0.6,"final decision combines mean benefit, robustness penalty, activation cost and speed policy"
10,10,1.5,10,16,0,16,0.0,-33.69,-55.51,-23.06,0.6,"final decision combines mean benefit, robustness penalty, activation cost and speed policy"
10,10,1.5,12,16,0,16,0.0,-35.96,-57.7,-25.34,0.6,"final decision combines mean benefit, robustness penalty, activation cost and speed policy"
10,10,1.5,15,16,0,16,0.0,-39.35,-60.98,-28.76,0.6,"final decision combines mean benefit, robustness penalty, activation cost and speed policy"
10,10,1.5,20,16,0,16,0.0,-45.02,-66.45,-34.45,0.6,"final decision combines mean benefit, robustness penalty, activation cost and speed policy"
10,10,1.5,25,16,0,16,0.0,-50.69,-71.92,-40.14,0.6,"final decision combines mean benefit, robustness penalty, activation cost and speed policy"
10,10,2,0,16,0,16,0.0,-25.37,-50.7,-14.73,0.6,"final decision combines mean benefit, robustness penalty, activation cost and speed policy"
10,10,2,2,16,0,16,0.0,-27.64,-52.89,-16.98,0.6,"final decision combines mean benefit, robustness penalty, activation cost and speed policy"
10,10,2,4,16,0,16,0.0,-29.91,-55.08,-19.23,0.6,"final decision combines mean benefit, robustness penalty, activation cost and speed policy"
10,10,2,6,16,0,16,0.0,-32.17,-57.26,-21.49,0.6,"final decision combines mean benefit, robustness penalty, activation cost and speed policy"
10,10,2,8,16,0,16,0.0,-34.44,-59.45,-23.74,0.6,"final decision combines mean benefit, robustness penalty, activation cost and speed policy"
10,10,2,10,16,0,16,0.0,-36.7,-61.64,-25.99,0.6,"final decision combines mean benefit, robustness penalty, activation cost and speed policy"
10,10,2,12,16,0,16,0.0,-38.97,-63.83,-28.24,0.6,"final decision combines mean benefit, robustness penalty, activation cost and speed policy"
10,10,2,15,16,0,16,0.0,-42.37,-67.11,-31.62,0.6,"final decision combines mean benefit, robustness penalty, activation cost and speed policy"
10,10,2,20,16,0,16,0.0,-48.04,-72.58,-37.25,0.6,"final decision combines mean benefit, robustness penalty, activation cost and speed policy"
10,10,2,25,16,0,16,0.0,-53.7,-78.05,-42.88,0.6,"final decision combines mean benefit, robustness penalty, activation cost and speed policy"
15,15,0,0,16,0,16,0.0,-35.6,-55.82,-20.2,0.6,"final decision combines mean benefit, robustness penalty, activation cost and speed policy"
15,15,0,2,16,0,16,0.0,-37.86,-58.01,-22.48,0.6,"final decision combines mean benefit, robustness penalty, activation cost and speed policy"
15,15,0,4,16,0,16,0.0,-40.13,-60.2,-24.75,0.6,"final decision combines mean benefit, robustness penalty, activation cost and speed policy"
15,15,0,6,16,0,16,0.0,-42.39,-62.38,-27.03,0.6,"final decision combines mean benefit, robustness penalty, activation cost and speed policy"
15,15,0,8,16,0,16,0.0,-44.66,-64.57,-29.31,0.6,"final decision combines mean benefit, robustness penalty, activation cost and speed policy"
15,15,0,10,16,0,16,0.0,-46.92,-66.76,-31.58,0.6,"final decision combines mean benefit, robustness penalty, activation cost and speed policy"
15,15,0,12,16,0,16,0.0,-49.19,-68.95,-33.86,0.6,"final decision combines mean benefit, robustness penalty, activation cost and speed policy"
15,15,0,15,16,0,16,0.0,-52.59,-72.23,-37.28,0.6,"final decision combines mean benefit, robustness penalty, activation cost and speed policy"
15,15,0,20,16,0,16,0.0,-58.26,-77.7,-42.97,0.6,"final decision combines mean benefit, robustness penalty, activation cost and speed policy"
15,15,0,25,16,0,16,0.0,-63.92,-83.17,-48.66,0.6,"final decision combines mean benefit, robustness penalty, activation cost and speed policy"
15,15,0.5,0,16,0,16,0.0,-39.29,-64.19,-24.39,0.6,"final decision combines mean benefit, robustness penalty, activation cost and speed policy"
15,15,0.5,2,16,0,16,0.0,-41.56,-66.37,-26.67,0.6,"final decision combines mean benefit, robustness penalty, activation cost and speed policy"
15,15,0.5,4,16,0,16,0.0,-43.83,-68.56,-28.94,0.6,"final decision combines mean benefit, robustness penalty, activation cost and speed policy"
15,15,0.5,6,16,0,16,0.0,-46.09,-70.75,-31.22,0.6,"final decision combines mean benefit, robustness penalty, activation cost and speed policy"
15,15,0.5,8,16,0,16,0.0,-48.36,-72.94,-33.5,0.6,"final decision combines mean benefit, robustness penalty, activation cost and speed policy"
15,15,0.5,10,16,0,16,0.0,-50.62,-75.13,-35.77,0.6,"final decision combines mean benefit, robustness penalty, activation cost and speed policy"
15,15,0.5,12,16,0,16,0.0,-52.89,-77.31,-38.05,0.6,"final decision combines mean benefit, robustness penalty, activation cost and speed policy"
15,15,0.5,15,16,0,16,0.0,-56.29,-80.6,-41.47,0.6,"final decision combines mean benefit, robustness penalty, activation cost and speed policy"
15,15,0.5,20,16,0,16,0.0,-61.95,-86.07,-47.16,0.6,"final decision combines mean benefit, robustness penalty, activation cost and speed policy"
15,15,0.5,25,16,0,16,0.0,-67.62,-91.54,-52.85,0.6,"final decision combines mean benefit, robustness penalty, activation cost and speed policy"
15,15,1,0,16,0,16,0.0,-42.99,-72.55,-28.1,0.6,"final decision combines mean benefit, robustness penalty, activation cost and speed policy"
15,15,1,2,16,0,16,0.0,-45.26,-74.74,-30.44,0.6,"final decision combines mean benefit, robustness penalty, activation cost and speed policy"
15,15,1,4,16,0,16,0.0,-47.52,-76.93,-32.78,0.6,"final decision combines mean benefit, robustness penalty, activation cost and speed policy"
15,15,1,6,16,0,16,0.0,-49.79,-79.11,-35.12,0.6,"final decision combines mean benefit, robustness penalty, activation cost and speed policy"
15,15,1,8,16,0,16,0.0,-52.05,-81.3,-37.46,0.6,"final decision combines mean benefit, robustness penalty, activation cost and speed policy"
15,15,1,10,16,0,16,0.0,-54.32,-83.49,-39.8,0.6,"final decision combines mean benefit, robustness penalty, activation cost and speed policy"
15,15,1,12,16,0,16,0.0,-56.59,-85.68,-42.15,0.6,"final decision combines mean benefit, robustness penalty, activation cost and speed policy"
15,15,1,15,16,0,16,0.0,-59.99,-88.96,-45.66,0.6,"final decision combines mean benefit, robustness penalty, activation cost and speed policy"
15,15,1,20,16,0,16,0.0,-65.65,-94.43,-51.35,0.6,"final decision combines mean benefit, robustness penalty, activation cost and speed policy"
15,15,1,25,16,0,16,0.0,-71.32,-99.9,-57.04,0.6,"final decision combines mean benefit, robustness penalty, activation cost and speed policy"
15,15,1.5,0,16,0,16,0.0,-46.69,-80.91,-31.54,0.6,"final decision combines mean benefit, robustness penalty, activation cost and speed policy"
15,15,1.5,2,16,0,16,0.0,-48.95,-83.1,-33.88,0.6,"final decision combines mean benefit, robustness penalty, activation cost and speed policy"
15,15,1.5,4,16,0,16,0.0,-51.22,-85.29,-36.22,0.6,"final decision combines mean benefit, robustness penalty, activation cost and speed policy"
15,15,1.5,6,16,0,16,0.0,-53.49,-87.48,-38.56,0.6,"final decision combines mean benefit, robustness penalty, activation cost and speed policy"
15,15,1.5,8,16,0,16,0.0,-55.75,-89.67,-40.9,0.6,"final decision combines mean benefit, robustness penalty, activation cost and speed policy"
15,15,1.5,10,16,0,16,0.0,-58.02,-91.86,-43.24,0.6,"final decision combines mean benefit, robustness penalty, activation cost and speed policy"
15,15,1.5,12,16,0,16,0.0,-60.29,-94.04,-45.58,0.6,"final decision combines mean benefit, robustness penalty, activation cost and speed policy"
15,15,1.5,15,16,0,16,0.0,-63.68,-97.33,-49.09,0.6,"final decision combines mean benefit, robustness penalty, activation cost and speed policy"
15,15,1.5,20,16,0,16,0.0,-69.35,-102.8,-54.94,0.6,"final decision combines mean benefit, robustness penalty, activation cost and speed policy"
15,15,1.5,25,16,0,16,0.0,-75.01,-108.27,-60.8,0.6,"final decision combines mean benefit, robustness penalty, activation cost and speed policy"
15,15,2,0,16,0,16,0.0,-50.39,-89.28,-34.83,0.6,"final decision combines mean benefit, robustness penalty, activation cost and speed policy"
15,15,2,2,16,0,16,0.0,-52.65,-91.47,-37.25,0.6,"final decision combines mean benefit, robustness penalty, activation cost and speed policy"
15,15,2,4,16,0,16,0.0,-54.92,-93.66,-39.65,0.6,"final decision combines mean benefit, robustness penalty, activation cost and speed policy"
15,15,2,6,16,0,16,0.0,-57.18,-95.84,-41.99,0.6,"final decision combines mean benefit, robustness penalty, activation cost and speed policy"
15,15,2,8,16,0,16,0.0,-59.45,-98.03,-44.33,0.6,"final decision combines mean benefit, robustness penalty, activation cost and speed policy"
15,15,2,10,16,0,16,0.0,-61.71,-100.22,-46.67,0.6,"final decision combines mean benefit, robustness penalty, activation cost and speed policy"
15,15,2,12,16,0,16,0.0,-63.98,-102.41,-49.02,0.6,"final decision combines mean benefit, robustness penalty, activation cost and speed policy"
15,15,2,15,16,0,16,0.0,-67.38,-105.69,-52.53,0.6,"final decision combines mean benefit, robustness penalty, activation cost and speed policy"
15,15,2,20,16,0,16,0.0,-73.05,-111.16,-58.38,0.6,"final decision combines mean benefit, robustness penalty, activation cost and speed policy"
15,15,2,25,16,0,16,0.0,-78.71,-116.63,-64.23,0.6,"final decision combines mean benefit, robustness penalty, activation cost and speed policy"
