counts_code,scenario_type,total_tasks,n1,n2,n3,n4,preference,alpha_time,beta_energy,rho_dynamic_energy,base_cmax_2arm,base_cmax_3arm,base_energy_2arm,base_energy_3arm,base_obj_2arm,base_obj_3arm,base_recommendation,opt_speed_2arm,opt_cmax_2arm,opt_energy_2arm,opt_obj_2arm,opt_speed_3arm,opt_cmax_3arm,opt_energy_3arm,opt_obj_3arm,optimized_recommendation,objective_gain_3arm_vs_2arm_percent,data_source,model_note
1111,balanced,4,1,1,1,1,efficiency_first,0.8,0.2,0.7,1864.0,1144.33,8015.0,8445.0,1.0,0.7019,recommend_3arm,1.4,1331.43,13401.08,0.9058,1.19,961.62,10904.78,0.6848,recommend_3arm,24.4,mode_decision_summary_basic.csv,"Cmax=Cmax0/s, Energy=Energy0*((1-rho)+rho*s^2)"
1111,balanced,4,1,1,1,1,balanced,0.5,0.5,0.7,1864.0,1144.33,8015.0,8445.0,1.0,0.8338,recommend_3arm,0.89,2094.38,6848.58,0.989,0.75,1525.77,5858.72,0.7748,recommend_3arm,21.67,mode_decision_summary_basic.csv,"Cmax=Cmax0/s, Energy=Energy0*((1-rho)+rho*s^2)"
1111,balanced,4,1,1,1,1,energy_first,0.2,0.8,0.7,1864.0,1144.33,8015.0,8445.0,1.0,0.9657,recommend_3arm,0.6,3106.67,4424.28,0.7749,0.6,1907.22,4661.64,0.6699,recommend_3arm,13.55,mode_decision_summary_basic.csv,"Cmax=Cmax0/s, Energy=Energy0*((1-rho)+rho*s^2)"
1112,type4_dominant,5,1,1,1,2,efficiency_first,0.8,0.2,0.7,2390.33,1674.67,12076.33,12578.0,1.0,0.7688,recommend_3arm,1.4,1707.38,20191.62,0.9058,1.24,1350.54,17311.35,0.7387,recommend_3arm,18.45,mode_decision_summary_basic.csv,"Cmax=Cmax0/s, Energy=Energy0*((1-rho)+rho*s^2)"
1112,type4_dominant,5,1,1,1,2,balanced,0.5,0.5,0.7,2390.33,1674.67,12076.33,12578.0,1.0,0.8711,recommend_3arm,0.89,2685.76,10318.86,0.989,0.78,2147.01,9130.12,0.8271,recommend_3arm,16.37,mode_decision_summary_basic.csv,"Cmax=Cmax0/s, Energy=Energy0*((1-rho)+rho*s^2)"
1112,type4_dominant,5,1,1,1,2,energy_first,0.2,0.8,0.7,2390.33,1674.67,12076.33,12578.0,1.0,0.9734,recommend_3arm,0.6,3983.88,6666.13,0.7749,0.6,2791.12,6943.06,0.6935,recommend_3arm,10.51,mode_decision_summary_basic.csv,"Cmax=Cmax0/s, Energy=Energy0*((1-rho)+rho*s^2)"
1121,dual_arm_dominant,5,1,1,2,1,efficiency_first,0.8,0.2,0.7,2341.0,1646.67,9844.0,10282.33,1.0,0.7716,recommend_3arm,1.4,1672.14,16459.17,0.9058,1.24,1327.96,14151.78,0.7413,recommend_3arm,18.16,mode_decision_summary_basic.csv,"Cmax=Cmax0/s, Energy=Energy0*((1-rho)+rho*s^2)"
1121,dual_arm_dominant,5,1,1,2,1,balanced,0.5,0.5,0.7,2341.0,1646.67,9844.0,10282.33,1.0,0.874,recommend_3arm,0.89,2630.34,8411.4,0.989,0.78,2111.12,7463.74,0.83,recommend_3arm,16.08,mode_decision_summary_basic.csv,"Cmax=Cmax0/s, Energy=Energy0*((1-rho)+rho*s^2)"
1121,dual_arm_dominant,5,1,1,2,1,energy_first,0.2,0.8,0.7,2341.0,1646.67,9844.0,10282.33,1.0,0.9763,recommend_3arm,0.6,3901.67,5433.89,0.7749,0.6,2744.45,5675.85,0.6957,recommend_3arm,10.22,mode_decision_summary_basic.csv,"Cmax=Cmax0/s, Energy=Energy0*((1-rho)+rho*s^2)"
1122,dual_arm_dominant,6,1,1,2,2,efficiency_first,0.8,0.2,0.7,2864.67,2172.67,13975.67,14493.33,1.0,0.8142,recommend_3arm,1.4,2046.19,23367.32,0.9058,1.28,1697.4,20970.11,0.7741,recommend_3arm,14.54,mode_decision_summary_basic.csv,"Cmax=Cmax0/s, Energy=Energy0*((1-rho)+rho*s^2)"
1122,dual_arm_dominant,6,1,1,2,2,balanced,0.5,0.5,0.7,2864.67,2172.67,13975.67,14493.33,1.0,0.8977,recommend_3arm,0.89,3218.73,11941.79,0.989,0.81,2682.31,11004.35,0.8619,recommend_3arm,12.86,mode_decision_summary_basic.csv,"Cmax=Cmax0/s, Energy=Energy0*((1-rho)+rho*s^2)"
1122,dual_arm_dominant,6,1,1,2,2,energy_first,0.2,0.8,0.7,2864.67,2172.67,13975.67,14493.33,1.0,0.9813,recommend_3arm,0.6,4774.45,7714.57,0.7749,0.6,3621.12,8000.32,0.7108,recommend_3arm,8.28,mode_decision_summary_basic.csv,"Cmax=Cmax0/s, Energy=Energy0*((1-rho)+rho*s^2)"
1211,single_arm_dominant,5,1,2,1,1,efficiency_first,0.8,0.2,0.7,2160.33,1387.0,8401.0,8807.67,1.0,0.7233,recommend_3arm,1.4,1543.09,14046.47,0.9058,1.21,1146.28,11669.02,0.7023,recommend_3arm,22.47,mode_decision_summary_basic.csv,"Cmax=Cmax0/s, Energy=Energy0*((1-rho)+rho*s^2)"
1211,single_arm_dominant,5,1,2,1,1,balanced,0.5,0.5,0.7,2160.33,1387.0,8401.0,8807.67,1.0,0.8452,recommend_3arm,0.89,2427.34,7178.4,0.989,0.76,1825.0,6203.42,0.7916,recommend_3arm,19.96,mode_decision_summary_basic.csv,"Cmax=Cmax0/s, Energy=Energy0*((1-rho)+rho*s^2)"
1211,single_arm_dominant,5,1,2,1,1,energy_first,0.2,0.8,0.7,2160.33,1387.0,8401.0,8807.67,1.0,0.9671,recommend_3arm,0.6,3600.55,4637.35,0.7749,0.6,2311.67,4861.83,0.677,recommend_3arm,12.64,mode_decision_summary_basic.csv,"Cmax=Cmax0/s, Energy=Energy0*((1-rho)+rho*s^2)"
1212,mixed_balanced,6,1,2,1,2,efficiency_first,0.8,0.2,0.7,2689.33,1667.33,12514.67,12997.0,1.0,0.7037,recommend_3arm,1.4,1920.95,20924.53,0.9058,1.19,1401.12,16782.64,0.685,recommend_3arm,24.38,mode_decision_summary_basic.csv,"Cmax=Cmax0/s, Energy=Energy0*((1-rho)+rho*s^2)"
1212,mixed_balanced,6,1,2,1,2,balanced,0.5,0.5,0.7,2689.33,1667.33,12514.67,12997.0,1.0,0.8293,recommend_3arm,0.89,3021.72,10693.41,0.989,0.75,2223.11,9016.67,0.7736,recommend_3arm,21.79,mode_decision_summary_basic.csv,"Cmax=Cmax0/s, Energy=Energy0*((1-rho)+rho*s^2)"
1212,mixed_balanced,6,1,2,1,2,energy_first,0.2,0.8,0.7,2689.33,1667.33,12514.67,12997.0,1.0,0.9548,recommend_3arm,0.6,4482.22,6908.1,0.7749,0.6,2778.88,7174.34,0.6653,recommend_3arm,14.15,mode_decision_summary_basic.csv,"Cmax=Cmax0/s, Energy=Energy0*((1-rho)+rho*s^2)"
1221,mixed_balanced,6,1,2,2,1,efficiency_first,0.8,0.2,0.7,2799.67,1842.0,11139.67,11610.33,1.0,0.7348,recommend_3arm,1.4,1999.76,18625.53,0.9058,1.22,1509.84,15579.67,0.7111,recommend_3arm,21.49,mode_decision_summary_basic.csv,"Cmax=Cmax0/s, Energy=Energy0*((1-rho)+rho*s^2)"
1221,mixed_balanced,6,1,2,2,1,balanced,0.5,0.5,0.7,2799.67,1842.0,11139.67,11610.33,1.0,0.8501,recommend_3arm,0.89,3145.7,9518.51,0.989,0.77,2392.21,8301.73,0.7999,recommend_3arm,19.13,mode_decision_summary_basic.csv,"Cmax=Cmax0/s, Energy=Energy0*((1-rho)+rho*s^2)"
1221,mixed_balanced,6,1,2,2,1,energy_first,0.2,0.8,0.7,2799.67,1842.0,11139.67,11610.33,1.0,0.9654,recommend_3arm,0.6,4666.12,6149.1,0.7749,0.6,3070.0,6408.9,0.6796,recommend_3arm,12.31,mode_decision_summary_basic.csv,"Cmax=Cmax0/s, Energy=Energy0*((1-rho)+rho*s^2)"
1222,dual_arm_dominant,7,1,2,2,2,efficiency_first,0.8,0.2,0.7,3300.67,2285.0,15014.33,15531.33,1.0,0.7607,recommend_3arm,1.4,2357.62,25103.96,0.9058,1.24,1842.74,21376.08,0.7314,recommend_3arm,19.26,mode_decision_summary_basic.csv,"Cmax=Cmax0/s, Energy=Energy0*((1-rho)+rho*s^2)"
1222,dual_arm_dominant,7,1,2,2,2,balanced,0.5,0.5,0.7,3300.67,2285.0,15014.33,15531.33,1.0,0.8634,recommend_3arm,0.89,3708.62,12829.29,0.989,0.78,2929.49,11273.88,0.8192,recommend_3arm,17.17,mode_decision_summary_basic.csv,"Cmax=Cmax0/s, Energy=Energy0*((1-rho)+rho*s^2)"
1222,dual_arm_dominant,7,1,2,2,2,energy_first,0.2,0.8,0.7,3300.67,2285.0,15014.33,15531.33,1.0,0.966,recommend_3arm,0.6,5501.12,8287.91,0.7749,0.6,3808.33,8573.29,0.6876,recommend_3arm,11.27,mode_decision_summary_basic.csv,"Cmax=Cmax0/s, Energy=Energy0*((1-rho)+rho*s^2)"
2111,single_arm_dominant,5,2,1,1,1,efficiency_first,0.8,0.2,0.7,1955.33,1303.33,7985.67,8454.0,1.0,0.745,recommend_3arm,1.4,1396.66,13352.04,0.9058,1.22,1068.3,11344.25,0.7212,recommend_3arm,20.38,mode_decision_summary_basic.csv,"Cmax=Cmax0/s, Energy=Energy0*((1-rho)+rho*s^2)"
2111,single_arm_dominant,5,2,1,1,1,balanced,0.5,0.5,0.7,1955.33,1303.33,7985.67,8454.0,1.0,0.8626,recommend_3arm,0.89,2197.0,6823.52,0.989,0.77,1692.64,6044.86,0.8113,recommend_3arm,17.97,mode_decision_summary_basic.csv,"Cmax=Cmax0/s, Energy=Energy0*((1-rho)+rho*s^2)"
2111,single_arm_dominant,5,2,1,1,1,energy_first,0.2,0.8,0.7,1955.33,1303.33,7985.67,8454.0,1.0,0.9802,recommend_3arm,0.6,3258.88,4408.09,0.7749,0.6,2172.22,4666.61,0.6897,recommend_3arm,11.0,mode_decision_summary_basic.csv,"Cmax=Cmax0/s, Energy=Energy0*((1-rho)+rho*s^2)"
2112,mixed_balanced,6,2,1,1,2,efficiency_first,0.8,0.2,0.7,2433.0,1644.33,11829.33,12374.0,1.0,0.7499,recommend_3arm,1.4,1737.86,19778.64,0.9058,1.23,1336.85,16816.64,0.7239,recommend_3arm,20.08,mode_decision_summary_basic.csv,"Cmax=Cmax0/s, Energy=Energy0*((1-rho)+rho*s^2)"
2112,mixed_balanced,6,2,1,1,2,balanced,0.5,0.5,0.7,2433.0,1644.33,11829.33,12374.0,1.0,0.8609,recommend_3arm,0.89,2733.71,10107.81,0.989,0.77,2135.49,8847.78,0.8128,recommend_3arm,17.81,mode_decision_summary_basic.csv,"Cmax=Cmax0/s, Energy=Energy0*((1-rho)+rho*s^2)"
2112,mixed_balanced,6,2,1,1,2,energy_first,0.2,0.8,0.7,2433.0,1644.33,11829.33,12374.0,1.0,0.972,recommend_3arm,0.6,4055.0,6529.79,0.7749,0.6,2740.55,6830.45,0.6872,recommend_3arm,11.32,mode_decision_summary_basic.csv,"Cmax=Cmax0/s, Energy=Energy0*((1-rho)+rho*s^2)"
2121,mixed_balanced,6,2,1,2,1,efficiency_first,0.8,0.2,0.7,2573.0,1746.0,10464.67,10947.67,1.0,0.7521,recommend_3arm,1.4,1837.86,17496.93,0.9058,1.23,1419.51,14878.21,0.7257,recommend_3arm,19.88,mode_decision_summary_basic.csv,"Cmax=Cmax0/s, Energy=Energy0*((1-rho)+rho*s^2)"
2121,mixed_balanced,6,2,1,2,1,balanced,0.5,0.5,0.7,2573.0,1746.0,10464.67,10947.67,1.0,0.8624,recommend_3arm,0.89,2891.01,8941.75,0.989,0.77,2267.53,7827.91,0.8147,recommend_3arm,17.63,mode_decision_summary_basic.csv,"Cmax=Cmax0/s, Energy=Energy0*((1-rho)+rho*s^2)"
2121,mixed_balanced,6,2,1,2,1,energy_first,0.2,0.8,0.7,2573.0,1746.0,10464.67,10947.67,1.0,0.9726,recommend_3arm,0.6,4288.33,5776.5,0.7749,0.6,2910.0,6043.11,0.6882,recommend_3arm,11.2,mode_decision_summary_basic.csv,"Cmax=Cmax0/s, Energy=Energy0*((1-rho)+rho*s^2)"
2122,dual_arm_dominant,7,2,1,2,2,efficiency_first,0.8,0.2,0.7,3082.0,2295.33,14612.0,15207.0,1.0,0.8039,recommend_3arm,1.4,2201.43,24431.26,0.9058,1.27,1807.35,21731.26,0.7666,recommend_3arm,15.37,mode_decision_summary_basic.csv,"Cmax=Cmax0/s, Energy=Energy0*((1-rho)+rho*s^2)"
2122,dual_arm_dominant,7,2,1,2,2,balanced,0.5,0.5,0.7,3082.0,2295.33,14612.0,15207.0,1.0,0.8927,recommend_3arm,0.89,3462.92,12485.52,0.989,0.8,2869.16,11374.84,0.8547,recommend_3arm,13.58,mode_decision_summary_basic.csv,"Cmax=Cmax0/s, Energy=Energy0*((1-rho)+rho*s^2)"
2122,dual_arm_dominant,7,2,1,2,2,energy_first,0.2,0.8,0.7,3082.0,2295.33,14612.0,15207.0,1.0,0.9815,recommend_3arm,0.6,5136.67,8065.82,0.7749,0.6,3825.55,8394.26,0.7078,recommend_3arm,8.66,mode_decision_summary_basic.csv,"Cmax=Cmax0/s, Energy=Energy0*((1-rho)+rho*s^2)"
2211,single_arm_dominant,6,2,2,1,1,efficiency_first,0.8,0.2,0.7,2077.67,1505.33,8824.67,9260.33,1.0,0.7895,recommend_3arm,1.4,1484.05,14754.85,0.9058,1.25,1204.26,12906.58,0.7562,recommend_3arm,16.52,mode_decision_summary_basic.csv,"Cmax=Cmax0/s, Energy=Energy0*((1-rho)+rho*s^2)"
2211,single_arm_dominant,6,2,2,1,1,balanced,0.5,0.5,0.7,2077.67,1505.33,8824.67,9260.33,1.0,0.8869,recommend_3arm,0.89,2334.46,7540.42,0.989,0.79,1905.48,6823.66,0.8452,recommend_3arm,14.54,mode_decision_summary_basic.csv,"Cmax=Cmax0/s, Energy=Energy0*((1-rho)+rho*s^2)"
2211,single_arm_dominant,6,2,2,1,1,energy_first,0.2,0.8,0.7,2077.67,1505.33,8824.67,9260.33,1.0,0.9844,recommend_3arm,0.6,3462.78,4871.22,0.7749,0.6,2508.88,5111.7,0.7049,recommend_3arm,9.04,mode_decision_summary_basic.csv,"Cmax=Cmax0/s, Energy=Energy0*((1-rho)+rho*s^2)"
2212,single_arm_dominant,7,2,2,1,2,efficiency_first,0.8,0.2,0.7,2638.33,1794.0,13213.0,13787.33,1.0,0.7527,recommend_3arm,1.4,1884.52,22092.14,0.9058,1.23,1458.54,18737.4,0.7259,recommend_3arm,19.87,mode_decision_summary_basic.csv,"Cmax=Cmax0/s, Energy=Energy0*((1-rho)+rho*s^2)"
2212,single_arm_dominant,7,2,2,1,2,balanced,0.5,0.5,0.7,2638.33,1794.0,13213.0,13787.33,1.0,0.8617,recommend_3arm,0.89,2964.42,11290.11,0.989,0.77,2329.87,9858.35,0.8146,recommend_3arm,17.64,mode_decision_summary_basic.csv,"Cmax=Cmax0/s, Energy=Energy0*((1-rho)+rho*s^2)"
2212,single_arm_dominant,7,2,2,1,2,energy_first,0.2,0.8,0.7,2638.33,1794.0,13213.0,13787.33,1.0,0.9708,recommend_3arm,0.6,4397.22,7293.58,0.7749,0.6,2990.0,7610.61,0.6875,recommend_3arm,11.29,mode_decision_summary_basic.csv,"Cmax=Cmax0/s, Energy=Energy0*((1-rho)+rho*s^2)"
2221,single_arm_dominant,7,2,2,2,1,efficiency_first,0.8,0.2,0.7,2572.33,1749.0,10689.67,11194.67,1.0,0.7534,recommend_3arm,1.4,1837.38,17873.13,0.9058,1.23,1421.95,15213.89,0.7269,recommend_3arm,19.76,mode_decision_summary_basic.csv,"Cmax=Cmax0/s, Energy=Energy0*((1-rho)+rho*s^2)"
2221,single_arm_dominant,7,2,2,2,1,balanced,0.5,0.5,0.7,2572.33,1749.0,10689.67,11194.67,1.0,0.8636,recommend_3arm,0.89,2890.26,9134.0,0.989,0.77,2271.43,8004.52,0.8159,recommend_3arm,17.5,mode_decision_summary_basic.csv,"Cmax=Cmax0/s, Energy=Energy0*((1-rho)+rho*s^2)"
2221,single_arm_dominant,7,2,2,2,1,energy_first,0.2,0.8,0.7,2572.33,1749.0,10689.67,11194.67,1.0,0.9738,recommend_3arm,0.6,4287.22,5900.7,0.7749,0.6,2915.0,6179.46,0.6891,recommend_3arm,11.08,mode_decision_summary_basic.csv,"Cmax=Cmax0/s, Energy=Energy0*((1-rho)+rho*s^2)"
2222,balanced,8,2,2,2,2,efficiency_first,0.8,0.2,0.7,3125.0,2282.0,15068.33,15655.0,1.0,0.792,recommend_3arm,1.4,2232.14,25194.25,0.9058,1.26,1811.11,22094.21,0.7569,recommend_3arm,16.44,mode_decision_summary_basic.csv,"Cmax=Cmax0/s, Energy=Energy0*((1-rho)+rho*s^2)"
2222,balanced,8,2,2,2,2,balanced,0.5,0.5,0.7,3125.0,2282.0,15068.33,15655.0,1.0,0.8846,recommend_3arm,0.89,3511.24,12875.44,0.989,0.79,2888.61,11535.7,0.845,recommend_3arm,14.57,mode_decision_summary_basic.csv,"Cmax=Cmax0/s, Energy=Energy0*((1-rho)+rho*s^2)"
2222,balanced,8,2,2,2,2,energy_first,0.2,0.8,0.7,3125.0,2282.0,15068.33,15655.0,1.0,0.9772,recommend_3arm,0.6,5208.33,8317.72,0.7749,0.6,3803.33,8641.56,0.7022,recommend_3arm,9.38,mode_decision_summary_basic.csv,"Cmax=Cmax0/s, Energy=Energy0*((1-rho)+rho*s^2)"
