deadline_type,deadline_multiplier_of_2B_cmax,deadline_value,deadline_note,counts_code,scenario_type,total_tasks,n1,n2,n3,n4,base_cmax_2arm,base_cmax_3arm,base_energy_2arm,base_energy_3arm,status_2arm,reason_2arm,required_speed_2arm,opt_speed_2arm,opt_cmax_2arm,opt_energy_2arm,status_3arm,reason_3arm,required_speed_3arm,opt_speed_3arm,opt_cmax_3arm,opt_energy_3arm,recommendation,recommendation_reason,energy_advantage_selected_vs_other_percent,solve_method,model,energy_model,rho_dynamic_energy,speed_min,speed_max,data_source
loose_deadline,1.5,2796.0,time requirement is loose,,balanced,4,1,1,1,1,1864.0,1144.33,8015.0,8445.0,OPTIMAL,solved by interior point method and 0.618 search,0.6667,0.6667,2796.0,4898.06,OPTIMAL,solved by interior point method and 0.618 search,0.4093,0.6,1907.22,4661.64,recommend_3arm,"both feasible, 3arm has lower energy",4.83,interior_point_method + golden_section_0_618,"min Energy(s), s.t. Cmax0/s <= D and speed_min <= s <= speed_max",Energy(s)=Energy0*((1-rho)+rho*s^2),0.7,0.6,1.4,mode_decision_summary_basic.csv
normal_deadline,1.0,1864.0,time requirement equals original 2-arm Cmax,,balanced,4,1,1,1,1,1864.0,1144.33,8015.0,8445.0,OPTIMAL,solved by interior point method and 0.618 search,1.0,1.0,1864.0,8015.0,OPTIMAL,solved by interior point method and 0.618 search,0.6139,0.6139,1864.0,4761.47,recommend_3arm,"both feasible, 3arm has lower energy",40.59,interior_point_method + golden_section_0_618,"min Energy(s), s.t. Cmax0/s <= D and speed_min <= s <= speed_max",Energy(s)=Energy0*((1-rho)+rho*s^2),0.7,0.6,1.4,mode_decision_summary_basic.csv
tight_deadline,0.8,1491.2,time requirement is tight,,balanced,4,1,1,1,1,1864.0,1144.33,8015.0,8445.0,OPTIMAL,solved by interior point method and 0.618 search,1.25,1.25,1491.2,11170.91,OPTIMAL,solved by interior point method and 0.618 search,0.7674,0.7674,1491.2,6014.7,recommend_3arm,"both feasible, 3arm has lower energy",46.16,interior_point_method + golden_section_0_618,"min Energy(s), s.t. Cmax0/s <= D and speed_min <= s <= speed_max",Energy(s)=Energy0*((1-rho)+rho*s^2),0.7,0.6,1.4,mode_decision_summary_basic.csv
urgent_deadline,0.7,1304.8,time requirement is very urgent,,balanced,4,1,1,1,1,1864.0,1144.33,8015.0,8445.0,INFEASIBLE,required speed exceeds speed_max,1.4286,,,,OPTIMAL,solved by interior point method and 0.618 search,0.877,0.877,1304.8,7080.37,recommend_3arm,only 3arm can meet deadline,,interior_point_method + golden_section_0_618,"min Energy(s), s.t. Cmax0/s <= D and speed_min <= s <= speed_max",Energy(s)=Energy0*((1-rho)+rho*s^2),0.7,0.6,1.4,mode_decision_summary_basic.csv
loose_deadline,1.5,3585.49,time requirement is loose,,type4_dominant,5,1,1,1,2,2390.33,1674.67,12076.33,12578.0,OPTIMAL,solved by interior point method and 0.618 search,0.6667,0.6667,3585.49,7379.98,OPTIMAL,solved by interior point method and 0.618 search,0.4671,0.6,2791.12,6943.06,recommend_3arm,"both feasible, 3arm has lower energy",5.92,interior_point_method + golden_section_0_618,"min Energy(s), s.t. Cmax0/s <= D and speed_min <= s <= speed_max",Energy(s)=Energy0*((1-rho)+rho*s^2),0.7,0.6,1.4,mode_decision_summary_basic.csv
normal_deadline,1.0,2390.33,time requirement equals original 2-arm Cmax,,type4_dominant,5,1,1,1,2,2390.33,1674.67,12076.33,12578.0,OPTIMAL,solved by interior point method and 0.618 search,1.0,1.0,2390.33,12076.33,OPTIMAL,solved by interior point method and 0.618 search,0.7006,0.7006,2390.33,8095.08,recommend_3arm,"both feasible, 3arm has lower energy",32.97,interior_point_method + golden_section_0_618,"min Energy(s), s.t. Cmax0/s <= D and speed_min <= s <= speed_max",Energy(s)=Energy0*((1-rho)+rho*s^2),0.7,0.6,1.4,mode_decision_summary_basic.csv
tight_deadline,0.8,1912.26,time requirement is tight,,type4_dominant,5,1,1,1,2,2390.33,1674.67,12076.33,12578.0,OPTIMAL,solved by interior point method and 0.618 search,1.25,1.25,1912.26,16831.39,OPTIMAL,solved by interior point method and 0.618 search,0.8758,0.8758,1912.26,10526.02,recommend_3arm,"both feasible, 3arm has lower energy",37.46,interior_point_method + golden_section_0_618,"min Energy(s), s.t. Cmax0/s <= D and speed_min <= s <= speed_max",Energy(s)=Energy0*((1-rho)+rho*s^2),0.7,0.6,1.4,mode_decision_summary_basic.csv
urgent_deadline,0.7,1673.23,time requirement is very urgent,,type4_dominant,5,1,1,1,2,2390.33,1674.67,12076.33,12578.0,INFEASIBLE,required speed exceeds speed_max,1.4286,,,,OPTIMAL,solved by interior point method and 0.618 search,1.0009,1.0009,1673.23,12593.15,recommend_3arm,only 3arm can meet deadline,,interior_point_method + golden_section_0_618,"min Energy(s), s.t. Cmax0/s <= D and speed_min <= s <= speed_max",Energy(s)=Energy0*((1-rho)+rho*s^2),0.7,0.6,1.4,mode_decision_summary_basic.csv
loose_deadline,1.5,3511.5,time requirement is loose,,dual_arm_dominant,5,1,1,2,1,2341.0,1646.67,9844.0,10282.33,OPTIMAL,solved by interior point method and 0.618 search,0.6667,0.6667,3511.5,6015.78,OPTIMAL,solved by interior point method and 0.618 search,0.4689,0.6,2744.45,5675.85,recommend_3arm,"both feasible, 3arm has lower energy",5.65,interior_point_method + golden_section_0_618,"min Energy(s), s.t. Cmax0/s <= D and speed_min <= s <= speed_max",Energy(s)=Energy0*((1-rho)+rho*s^2),0.7,0.6,1.4,mode_decision_summary_basic.csv
normal_deadline,1.0,2341.0,time requirement equals original 2-arm Cmax,,dual_arm_dominant,5,1,1,2,1,2341.0,1646.67,9844.0,10282.33,OPTIMAL,solved by interior point method and 0.618 search,1.0,1.0,2341.0,9844.0,OPTIMAL,solved by interior point method and 0.618 search,0.7034,0.7034,2341.0,6645.93,recommend_3arm,"both feasible, 3arm has lower energy",32.49,interior_point_method + golden_section_0_618,"min Energy(s), s.t. Cmax0/s <= D and speed_min <= s <= speed_max",Energy(s)=Energy0*((1-rho)+rho*s^2),0.7,0.6,1.4,mode_decision_summary_basic.csv
tight_deadline,0.8,1872.8,time requirement is tight,,dual_arm_dominant,5,1,1,2,1,2341.0,1646.67,9844.0,10282.33,OPTIMAL,solved by interior point method and 0.618 search,1.25,1.25,1872.8,13720.08,OPTIMAL,solved by interior point method and 0.618 search,0.8793,0.8793,1872.8,8649.12,recommend_3arm,"both feasible, 3arm has lower energy",36.96,interior_point_method + golden_section_0_618,"min Energy(s), s.t. Cmax0/s <= D and speed_min <= s <= speed_max",Energy(s)=Energy0*((1-rho)+rho*s^2),0.7,0.6,1.4,mode_decision_summary_basic.csv
urgent_deadline,0.7,1638.7,time requirement is very urgent,,dual_arm_dominant,5,1,1,2,1,2341.0,1646.67,9844.0,10282.33,INFEASIBLE,required speed exceeds speed_max,1.4286,,,,OPTIMAL,solved by interior point method and 0.618 search,1.0049,1.0049,1638.7,10352.51,recommend_3arm,only 3arm can meet deadline,,interior_point_method + golden_section_0_618,"min Energy(s), s.t. Cmax0/s <= D and speed_min <= s <= speed_max",Energy(s)=Energy0*((1-rho)+rho*s^2),0.7,0.6,1.4,mode_decision_summary_basic.csv
loose_deadline,1.5,3240.49,time requirement is loose,,single_arm_dominant,5,1,2,1,1,2160.33,1387.0,8401.0,8807.67,OPTIMAL,solved by interior point method and 0.618 search,0.6667,0.6667,3240.49,5133.94,OPTIMAL,solved by interior point method and 0.618 search,0.428,0.6,2311.67,4861.83,recommend_3arm,"both feasible, 3arm has lower energy",5.3,interior_point_method + golden_section_0_618,"min Energy(s), s.t. Cmax0/s <= D and speed_min <= s <= speed_max",Energy(s)=Energy0*((1-rho)+rho*s^2),0.7,0.6,1.4,mode_decision_summary_basic.csv
normal_deadline,1.0,2160.33,time requirement equals original 2-arm Cmax,,single_arm_dominant,5,1,2,1,1,2160.33,1387.0,8401.0,8807.67,OPTIMAL,solved by interior point method and 0.618 search,1.0,1.0,2160.33,8401.0,OPTIMAL,solved by interior point method and 0.618 search,0.642,0.642,2160.33,5183.69,recommend_3arm,"both feasible, 3arm has lower energy",38.3,interior_point_method + golden_section_0_618,"min Energy(s), s.t. Cmax0/s <= D and speed_min <= s <= speed_max",Energy(s)=Energy0*((1-rho)+rho*s^2),0.7,0.6,1.4,mode_decision_summary_basic.csv
tight_deadline,0.8,1728.26,time requirement is tight,,single_arm_dominant,5,1,2,1,1,2160.33,1387.0,8401.0,8807.67,OPTIMAL,solved by interior point method and 0.618 search,1.25,1.25,1728.26,11708.89,OPTIMAL,solved by interior point method and 0.618 search,0.8025,0.8025,1728.26,6613.23,recommend_3arm,"both feasible, 3arm has lower energy",43.52,interior_point_method + golden_section_0_618,"min Energy(s), s.t. Cmax0/s <= D and speed_min <= s <= speed_max",Energy(s)=Energy0*((1-rho)+rho*s^2),0.7,0.6,1.4,mode_decision_summary_basic.csv
urgent_deadline,0.7,1512.23,time requirement is very urgent,,single_arm_dominant,5,1,2,1,1,2160.33,1387.0,8401.0,8807.67,INFEASIBLE,required speed exceeds speed_max,1.4286,,,,OPTIMAL,solved by interior point method and 0.618 search,0.9172,0.9172,1512.23,7828.82,recommend_3arm,only 3arm can meet deadline,,interior_point_method + golden_section_0_618,"min Energy(s), s.t. Cmax0/s <= D and speed_min <= s <= speed_max",Energy(s)=Energy0*((1-rho)+rho*s^2),0.7,0.6,1.4,mode_decision_summary_basic.csv
loose_deadline,1.5,2932.99,time requirement is loose,,single_arm_dominant,5,2,1,1,1,1955.33,1303.33,7985.67,8454.0,OPTIMAL,solved by interior point method and 0.618 search,0.6667,0.6667,2932.99,4880.13,OPTIMAL,solved by interior point method and 0.618 search,0.4444,0.6,2172.22,4666.61,recommend_3arm,"both feasible, 3arm has lower energy",4.38,interior_point_method + golden_section_0_618,"min Energy(s), s.t. Cmax0/s <= D and speed_min <= s <= speed_max",Energy(s)=Energy0*((1-rho)+rho*s^2),0.7,0.6,1.4,mode_decision_summary_basic.csv
normal_deadline,1.0,1955.33,time requirement equals original 2-arm Cmax,,single_arm_dominant,5,2,1,1,1,1955.33,1303.33,7985.67,8454.0,OPTIMAL,solved by interior point method and 0.618 search,1.0,1.0,1955.33,7985.67,OPTIMAL,solved by interior point method and 0.618 search,0.6666,0.6666,1955.33,5165.43,recommend_3arm,"both feasible, 3arm has lower energy",35.32,interior_point_method + golden_section_0_618,"min Energy(s), s.t. Cmax0/s <= D and speed_min <= s <= speed_max",Energy(s)=Energy0*((1-rho)+rho*s^2),0.7,0.6,1.4,mode_decision_summary_basic.csv
tight_deadline,0.8,1564.26,time requirement is tight,,single_arm_dominant,5,2,1,1,1,1955.33,1303.33,7985.67,8454.0,OPTIMAL,solved by interior point method and 0.618 search,1.25,1.25,1564.26,11130.03,OPTIMAL,solved by interior point method and 0.618 search,0.8332,0.8332,1564.26,6644.38,recommend_3arm,"both feasible, 3arm has lower energy",40.3,interior_point_method + golden_section_0_618,"min Energy(s), s.t. Cmax0/s <= D and speed_min <= s <= speed_max",Energy(s)=Energy0*((1-rho)+rho*s^2),0.7,0.6,1.4,mode_decision_summary_basic.csv
urgent_deadline,0.7,1368.73,time requirement is very urgent,,single_arm_dominant,5,2,1,1,1,1955.33,1303.33,7985.67,8454.0,INFEASIBLE,required speed exceeds speed_max,1.4286,,,,OPTIMAL,solved by interior point method and 0.618 search,0.9522,0.9522,1368.73,7901.98,recommend_3arm,only 3arm can meet deadline,,interior_point_method + golden_section_0_618,"min Energy(s), s.t. Cmax0/s <= D and speed_min <= s <= speed_max",Energy(s)=Energy0*((1-rho)+rho*s^2),0.7,0.6,1.4,mode_decision_summary_basic.csv
loose_deadline,1.5,4297.01,time requirement is loose,,dual_arm_dominant,6,1,1,2,2,2864.67,2172.67,13975.67,14493.33,OPTIMAL,solved by interior point method and 0.618 search,0.6667,0.6667,4297.0,8540.69,OPTIMAL,solved by interior point method and 0.618 search,0.5056,0.6,3621.12,8000.32,recommend_3arm,"both feasible, 3arm has lower energy",6.33,interior_point_method + golden_section_0_618,"min Energy(s), s.t. Cmax0/s <= D and speed_min <= s <= speed_max",Energy(s)=Energy0*((1-rho)+rho*s^2),0.7,0.6,1.4,mode_decision_summary_basic.csv
normal_deadline,1.0,2864.67,time requirement equals original 2-arm Cmax,,dual_arm_dominant,6,1,1,2,2,2864.67,2172.67,13975.67,14493.33,OPTIMAL,solved by interior point method and 0.618 search,1.0,1.0,2864.67,13975.67,OPTIMAL,solved by interior point method and 0.618 search,0.7584,0.7584,2864.67,10183.85,recommend_3arm,"both feasible, 3arm has lower energy",27.13,interior_point_method + golden_section_0_618,"min Energy(s), s.t. Cmax0/s <= D and speed_min <= s <= speed_max",Energy(s)=Energy0*((1-rho)+rho*s^2),0.7,0.6,1.4,mode_decision_summary_basic.csv
tight_deadline,0.8,2291.74,time requirement is tight,,dual_arm_dominant,6,1,1,2,2,2864.67,2172.67,13975.67,14493.33,OPTIMAL,solved by interior point method and 0.618 search,1.25,1.25,2291.74,19478.59,OPTIMAL,solved by interior point method and 0.618 search,0.948,0.948,2291.74,13466.52,recommend_3arm,"both feasible, 3arm has lower energy",30.86,interior_point_method + golden_section_0_618,"min Energy(s), s.t. Cmax0/s <= D and speed_min <= s <= speed_max",Energy(s)=Energy0*((1-rho)+rho*s^2),0.7,0.6,1.4,mode_decision_summary_basic.csv
urgent_deadline,0.7,2005.27,time requirement is very urgent,,dual_arm_dominant,6,1,1,2,2,2864.67,2172.67,13975.67,14493.33,INFEASIBLE,required speed exceeds speed_max,1.4286,,,,OPTIMAL,solved by interior point method and 0.618 search,1.0835,1.0835,2005.27,16257.91,recommend_3arm,only 3arm can meet deadline,,interior_point_method + golden_section_0_618,"min Energy(s), s.t. Cmax0/s <= D and speed_min <= s <= speed_max",Energy(s)=Energy0*((1-rho)+rho*s^2),0.7,0.6,1.4,mode_decision_summary_basic.csv
loose_deadline,1.5,4033.99,time requirement is loose,,mixed_balanced,6,1,2,1,2,2689.33,1667.33,12514.67,12997.0,OPTIMAL,solved by interior point method and 0.618 search,0.6667,0.6667,4033.99,7647.85,OPTIMAL,solved by interior point method and 0.618 search,0.4133,0.6,2778.88,7174.34,recommend_3arm,"both feasible, 3arm has lower energy",6.19,interior_point_method + golden_section_0_618,"min Energy(s), s.t. Cmax0/s <= D and speed_min <= s <= speed_max",Energy(s)=Energy0*((1-rho)+rho*s^2),0.7,0.6,1.4,mode_decision_summary_basic.csv
normal_deadline,1.0,2689.33,time requirement equals original 2-arm Cmax,,mixed_balanced,6,1,2,1,2,2689.33,1667.33,12514.67,12997.0,OPTIMAL,solved by interior point method and 0.618 search,1.0,1.0,2689.33,12514.67,OPTIMAL,solved by interior point method and 0.618 search,0.62,0.62,2689.33,7396.1,recommend_3arm,"both feasible, 3arm has lower energy",40.9,interior_point_method + golden_section_0_618,"min Energy(s), s.t. Cmax0/s <= D and speed_min <= s <= speed_max",Energy(s)=Energy0*((1-rho)+rho*s^2),0.7,0.6,1.4,mode_decision_summary_basic.csv
tight_deadline,0.8,2151.46,time requirement is tight,,mixed_balanced,6,1,2,1,2,2689.33,1667.33,12514.67,12997.0,OPTIMAL,solved by interior point method and 0.618 search,1.25,1.25,2151.46,17442.32,OPTIMAL,solved by interior point method and 0.618 search,0.775,0.775,2151.46,9363.17,recommend_3arm,"both feasible, 3arm has lower energy",46.32,interior_point_method + golden_section_0_618,"min Energy(s), s.t. Cmax0/s <= D and speed_min <= s <= speed_max",Energy(s)=Energy0*((1-rho)+rho*s^2),0.7,0.6,1.4,mode_decision_summary_basic.csv
urgent_deadline,0.7,1882.53,time requirement is very urgent,,mixed_balanced,6,1,2,1,2,2689.33,1667.33,12514.67,12997.0,INFEASIBLE,required speed exceeds speed_max,1.4286,,,,OPTIMAL,solved by interior point method and 0.618 search,0.8857,0.8857,1882.53,11035.84,recommend_3arm,only 3arm can meet deadline,,interior_point_method + golden_section_0_618,"min Energy(s), s.t. Cmax0/s <= D and speed_min <= s <= speed_max",Energy(s)=Energy0*((1-rho)+rho*s^2),0.7,0.6,1.4,mode_decision_summary_basic.csv
loose_deadline,1.5,3649.5,time requirement is loose,,mixed_balanced,6,2,1,1,2,2433.0,1644.33,11829.33,12374.0,OPTIMAL,solved by interior point method and 0.618 search,0.6667,0.6667,3649.5,7229.04,OPTIMAL,solved by interior point method and 0.618 search,0.4506,0.6,2740.55,6830.45,recommend_3arm,"both feasible, 3arm has lower energy",5.51,interior_point_method + golden_section_0_618,"min Energy(s), s.t. Cmax0/s <= D and speed_min <= s <= speed_max",Energy(s)=Energy0*((1-rho)+rho*s^2),0.7,0.6,1.4,mode_decision_summary_basic.csv
normal_deadline,1.0,2433.0,time requirement equals original 2-arm Cmax,,mixed_balanced,6,2,1,1,2,2433.0,1644.33,11829.33,12374.0,OPTIMAL,solved by interior point method and 0.618 search,1.0,1.0,2433.0,11829.33,OPTIMAL,solved by interior point method and 0.618 search,0.6758,0.6758,2433.0,7668.62,recommend_3arm,"both feasible, 3arm has lower energy",35.17,interior_point_method + golden_section_0_618,"min Energy(s), s.t. Cmax0/s <= D and speed_min <= s <= speed_max",Energy(s)=Energy0*((1-rho)+rho*s^2),0.7,0.6,1.4,mode_decision_summary_basic.csv
tight_deadline,0.8,1946.4,time requirement is tight,,mixed_balanced,6,2,1,1,2,2433.0,1644.33,11829.33,12374.0,OPTIMAL,solved by interior point method and 0.618 search,1.25,1.25,1946.4,16487.13,OPTIMAL,solved by interior point method and 0.618 search,0.8448,0.8448,1946.4,9894.1,recommend_3arm,"both feasible, 3arm has lower energy",39.99,interior_point_method + golden_section_0_618,"min Energy(s), s.t. Cmax0/s <= D and speed_min <= s <= speed_max",Energy(s)=Energy0*((1-rho)+rho*s^2),0.7,0.6,1.4,mode_decision_summary_basic.csv
urgent_deadline,0.7,1703.1,time requirement is very urgent,,mixed_balanced,6,2,1,1,2,2433.0,1644.33,11829.33,12374.0,INFEASIBLE,required speed exceeds speed_max,1.4286,,,,OPTIMAL,solved by interior point method and 0.618 search,0.9655,0.9655,1703.1,11786.52,recommend_3arm,only 3arm can meet deadline,,interior_point_method + golden_section_0_618,"min Energy(s), s.t. Cmax0/s <= D and speed_min <= s <= speed_max",Energy(s)=Energy0*((1-rho)+rho*s^2),0.7,0.6,1.4,mode_decision_summary_basic.csv
loose_deadline,1.5,4199.51,time requirement is loose,,mixed_balanced,6,1,2,2,1,2799.67,1842.0,11139.67,11610.33,OPTIMAL,solved by interior point method and 0.618 search,0.6667,0.6667,4199.5,6807.58,OPTIMAL,solved by interior point method and 0.618 search,0.4386,0.6,3070.0,6408.9,recommend_3arm,"both feasible, 3arm has lower energy",5.86,interior_point_method + golden_section_0_618,"min Energy(s), s.t. Cmax0/s <= D and speed_min <= s <= speed_max",Energy(s)=Energy0*((1-rho)+rho*s^2),0.7,0.6,1.4,mode_decision_summary_basic.csv
normal_deadline,1.0,2799.67,time requirement equals original 2-arm Cmax,,mixed_balanced,6,1,2,2,1,2799.67,1842.0,11139.67,11610.33,OPTIMAL,solved by interior point method and 0.618 search,1.0,1.0,2799.67,11139.67,OPTIMAL,solved by interior point method and 0.618 search,0.6579,0.6579,2799.67,7001.2,recommend_3arm,"both feasible, 3arm has lower energy",37.15,interior_point_method + golden_section_0_618,"min Energy(s), s.t. Cmax0/s <= D and speed_min <= s <= speed_max",Energy(s)=Energy0*((1-rho)+rho*s^2),0.7,0.6,1.4,mode_decision_summary_basic.csv
tight_deadline,0.8,2239.74,time requirement is tight,,mixed_balanced,6,1,2,2,1,2799.67,1842.0,11139.67,11610.33,OPTIMAL,solved by interior point method and 0.618 search,1.25,1.25,2239.74,15525.92,OPTIMAL,solved by interior point method and 0.618 search,0.8224,0.8224,2239.74,8980.13,recommend_3arm,"both feasible, 3arm has lower energy",42.16,interior_point_method + golden_section_0_618,"min Energy(s), s.t. Cmax0/s <= D and speed_min <= s <= speed_max",Energy(s)=Energy0*((1-rho)+rho*s^2),0.7,0.6,1.4,mode_decision_summary_basic.csv
urgent_deadline,0.7,1959.77,time requirement is very urgent,,mixed_balanced,6,1,2,2,1,2799.67,1842.0,11139.67,11610.33,INFEASIBLE,required speed exceeds speed_max,1.4286,,,,OPTIMAL,solved by interior point method and 0.618 search,0.9399,0.9399,1959.77,10662.89,recommend_3arm,only 3arm can meet deadline,,interior_point_method + golden_section_0_618,"min Energy(s), s.t. Cmax0/s <= D and speed_min <= s <= speed_max",Energy(s)=Energy0*((1-rho)+rho*s^2),0.7,0.6,1.4,mode_decision_summary_basic.csv
loose_deadline,1.5,3859.5,time requirement is loose,,mixed_balanced,6,2,1,2,1,2573.0,1746.0,10464.67,10947.67,OPTIMAL,solved by interior point method and 0.618 search,0.6667,0.6667,3859.5,6395.08,OPTIMAL,solved by interior point method and 0.618 search,0.4524,0.6,2910.0,6043.11,recommend_3arm,"both feasible, 3arm has lower energy",5.5,interior_point_method + golden_section_0_618,"min Energy(s), s.t. Cmax0/s <= D and speed_min <= s <= speed_max",Energy(s)=Energy0*((1-rho)+rho*s^2),0.7,0.6,1.4,mode_decision_summary_basic.csv
normal_deadline,1.0,2573.0,time requirement equals original 2-arm Cmax,,mixed_balanced,6,2,1,2,1,2573.0,1746.0,10464.67,10947.67,OPTIMAL,solved by interior point method and 0.618 search,1.0,1.0,2573.0,10464.67,OPTIMAL,solved by interior point method and 0.618 search,0.6786,0.6786,2573.0,6813.11,recommend_3arm,"both feasible, 3arm has lower energy",34.89,interior_point_method + golden_section_0_618,"min Energy(s), s.t. Cmax0/s <= D and speed_min <= s <= speed_max",Energy(s)=Energy0*((1-rho)+rho*s^2),0.7,0.6,1.4,mode_decision_summary_basic.csv
tight_deadline,0.8,2058.4,time requirement is tight,,mixed_balanced,6,2,1,2,1,2573.0,1746.0,10464.67,10947.67,OPTIMAL,solved by interior point method and 0.618 search,1.25,1.25,2058.4,14585.13,OPTIMAL,solved by interior point method and 0.618 search,0.8482,0.8482,2058.4,8798.07,recommend_3arm,"both feasible, 3arm has lower energy",39.68,interior_point_method + golden_section_0_618,"min Energy(s), s.t. Cmax0/s <= D and speed_min <= s <= speed_max",Energy(s)=Energy0*((1-rho)+rho*s^2),0.7,0.6,1.4,mode_decision_summary_basic.csv
urgent_deadline,0.7,1801.1,time requirement is very urgent,,mixed_balanced,6,2,1,2,1,2573.0,1746.0,10464.67,10947.67,INFEASIBLE,required speed exceeds speed_max,1.4286,,,,OPTIMAL,solved by interior point method and 0.618 search,0.9694,0.9694,1801.1,10485.96,recommend_3arm,only 3arm can meet deadline,,interior_point_method + golden_section_0_618,"min Energy(s), s.t. Cmax0/s <= D and speed_min <= s <= speed_max",Energy(s)=Energy0*((1-rho)+rho*s^2),0.7,0.6,1.4,mode_decision_summary_basic.csv
loose_deadline,1.5,3116.51,time requirement is loose,,single_arm_dominant,6,2,2,1,1,2077.67,1505.33,8824.67,9260.33,OPTIMAL,solved by interior point method and 0.618 search,0.6667,0.6667,3116.5,5392.85,OPTIMAL,solved by interior point method and 0.618 search,0.483,0.6,2508.88,5111.7,recommend_3arm,"both feasible, 3arm has lower energy",5.21,interior_point_method + golden_section_0_618,"min Energy(s), s.t. Cmax0/s <= D and speed_min <= s <= speed_max",Energy(s)=Energy0*((1-rho)+rho*s^2),0.7,0.6,1.4,mode_decision_summary_basic.csv
normal_deadline,1.0,2077.67,time requirement equals original 2-arm Cmax,,single_arm_dominant,6,2,2,1,1,2077.67,1505.33,8824.67,9260.33,OPTIMAL,solved by interior point method and 0.618 search,1.0,1.0,2077.67,8824.67,OPTIMAL,solved by interior point method and 0.618 search,0.7245,0.7245,2077.67,6180.89,recommend_3arm,"both feasible, 3arm has lower energy",29.96,interior_point_method + golden_section_0_618,"min Energy(s), s.t. Cmax0/s <= D and speed_min <= s <= speed_max",Energy(s)=Energy0*((1-rho)+rho*s^2),0.7,0.6,1.4,mode_decision_summary_basic.csv
tight_deadline,0.8,1662.14,time requirement is tight,,single_arm_dominant,6,2,2,1,1,2077.67,1505.33,8824.67,9260.33,OPTIMAL,solved by interior point method and 0.618 search,1.25,1.25,1662.14,12299.38,OPTIMAL,solved by interior point method and 0.618 search,0.9057,0.9057,1662.14,8094.95,recommend_3arm,"both feasible, 3arm has lower energy",34.18,interior_point_method + golden_section_0_618,"min Energy(s), s.t. Cmax0/s <= D and speed_min <= s <= speed_max",Energy(s)=Energy0*((1-rho)+rho*s^2),0.7,0.6,1.4,mode_decision_summary_basic.csv
urgent_deadline,0.7,1454.37,time requirement is very urgent,,single_arm_dominant,6,2,2,1,1,2077.67,1505.33,8824.67,9260.33,INFEASIBLE,required speed exceeds speed_max,1.4286,,,,OPTIMAL,solved by interior point method and 0.618 search,1.035,1.035,1454.37,9722.56,recommend_3arm,only 3arm can meet deadline,,interior_point_method + golden_section_0_618,"min Energy(s), s.t. Cmax0/s <= D and speed_min <= s <= speed_max",Energy(s)=Energy0*((1-rho)+rho*s^2),0.7,0.6,1.4,mode_decision_summary_basic.csv
loose_deadline,1.5,4951.01,time requirement is loose,,dual_arm_dominant,7,1,2,2,2,3300.67,2285.0,15014.33,15531.33,OPTIMAL,solved by interior point method and 0.618 search,0.6667,0.6667,4951.0,9175.42,OPTIMAL,solved by interior point method and 0.618 search,0.4615,0.6,3808.33,8573.29,recommend_3arm,"both feasible, 3arm has lower energy",6.56,interior_point_method + golden_section_0_618,"min Energy(s), s.t. Cmax0/s <= D and speed_min <= s <= speed_max",Energy(s)=Energy0*((1-rho)+rho*s^2),0.7,0.6,1.4,mode_decision_summary_basic.csv
normal_deadline,1.0,3300.67,time requirement equals original 2-arm Cmax,,dual_arm_dominant,7,1,2,2,2,3300.67,2285.0,15014.33,15531.33,OPTIMAL,solved by interior point method and 0.618 search,1.0,1.0,3300.67,15014.33,OPTIMAL,solved by interior point method and 0.618 search,0.6923,0.6923,3300.67,9869.84,recommend_3arm,"both feasible, 3arm has lower energy",34.26,interior_point_method + golden_section_0_618,"min Energy(s), s.t. Cmax0/s <= D and speed_min <= s <= speed_max",Energy(s)=Energy0*((1-rho)+rho*s^2),0.7,0.6,1.4,mode_decision_summary_basic.csv
tight_deadline,0.8,2640.54,time requirement is tight,,dual_arm_dominant,7,1,2,2,2,3300.67,2285.0,15014.33,15531.33,OPTIMAL,solved by interior point method and 0.618 search,1.25,1.25,2640.54,20926.22,OPTIMAL,solved by interior point method and 0.618 search,0.8654,0.8654,2640.54,12800.72,recommend_3arm,"both feasible, 3arm has lower energy",38.83,interior_point_method + golden_section_0_618,"min Energy(s), s.t. Cmax0/s <= D and speed_min <= s <= speed_max",Energy(s)=Energy0*((1-rho)+rho*s^2),0.7,0.6,1.4,mode_decision_summary_basic.csv
urgent_deadline,0.7,2310.47,time requirement is very urgent,,dual_arm_dominant,7,1,2,2,2,3300.67,2285.0,15014.33,15531.33,INFEASIBLE,required speed exceeds speed_max,1.4286,,,,OPTIMAL,solved by interior point method and 0.618 search,0.989,0.989,2310.47,15292.96,recommend_3arm,only 3arm can meet deadline,,interior_point_method + golden_section_0_618,"min Energy(s), s.t. Cmax0/s <= D and speed_min <= s <= speed_max",Energy(s)=Energy0*((1-rho)+rho*s^2),0.7,0.6,1.4,mode_decision_summary_basic.csv
loose_deadline,1.5,4623.0,time requirement is loose,,dual_arm_dominant,7,2,1,2,2,3082.0,2295.33,14612.0,15207.0,OPTIMAL,solved by interior point method and 0.618 search,0.6667,0.6667,4623.0,8929.56,OPTIMAL,solved by interior point method and 0.618 search,0.4965,0.6,3825.55,8394.26,recommend_3arm,"both feasible, 3arm has lower energy",5.99,interior_point_method + golden_section_0_618,"min Energy(s), s.t. Cmax0/s <= D and speed_min <= s <= speed_max",Energy(s)=Energy0*((1-rho)+rho*s^2),0.7,0.6,1.4,mode_decision_summary_basic.csv
normal_deadline,1.0,3082.0,time requirement equals original 2-arm Cmax,,dual_arm_dominant,7,2,1,2,2,3082.0,2295.33,14612.0,15207.0,OPTIMAL,solved by interior point method and 0.618 search,1.0,1.0,3082.0,14612.0,OPTIMAL,solved by interior point method and 0.618 search,0.7448,0.7448,3082.0,10466.38,recommend_3arm,"both feasible, 3arm has lower energy",28.37,interior_point_method + golden_section_0_618,"min Energy(s), s.t. Cmax0/s <= D and speed_min <= s <= speed_max",Energy(s)=Energy0*((1-rho)+rho*s^2),0.7,0.6,1.4,mode_decision_summary_basic.csv
tight_deadline,0.8,2465.6,time requirement is tight,,dual_arm_dominant,7,2,1,2,2,3082.0,2295.33,14612.0,15207.0,OPTIMAL,solved by interior point method and 0.618 search,1.25,1.25,2465.6,20365.48,OPTIMAL,solved by interior point method and 0.618 search,0.9309,0.9309,2465.6,13787.53,recommend_3arm,"both feasible, 3arm has lower energy",32.3,interior_point_method + golden_section_0_618,"min Energy(s), s.t. Cmax0/s <= D and speed_min <= s <= speed_max",Energy(s)=Energy0*((1-rho)+rho*s^2),0.7,0.6,1.4,mode_decision_summary_basic.csv
urgent_deadline,0.7,2157.4,time requirement is very urgent,,dual_arm_dominant,7,2,1,2,2,3082.0,2295.33,14612.0,15207.0,INFEASIBLE,required speed exceeds speed_max,1.4286,,,,OPTIMAL,solved by interior point method and 0.618 search,1.0639,1.0639,2157.4,16611.64,recommend_3arm,only 3arm can meet deadline,,interior_point_method + golden_section_0_618,"min Energy(s), s.t. Cmax0/s <= D and speed_min <= s <= speed_max",Energy(s)=Energy0*((1-rho)+rho*s^2),0.7,0.6,1.4,mode_decision_summary_basic.csv
loose_deadline,1.5,3957.49,time requirement is loose,,single_arm_dominant,7,2,2,1,2,2638.33,1794.0,13213.0,13787.33,OPTIMAL,solved by interior point method and 0.618 search,0.6667,0.6667,3957.49,8074.61,OPTIMAL,solved by interior point method and 0.618 search,0.4533,0.6,2990.0,7610.61,recommend_3arm,"both feasible, 3arm has lower energy",5.75,interior_point_method + golden_section_0_618,"min Energy(s), s.t. Cmax0/s <= D and speed_min <= s <= speed_max",Energy(s)=Energy0*((1-rho)+rho*s^2),0.7,0.6,1.4,mode_decision_summary_basic.csv
normal_deadline,1.0,2638.33,time requirement equals original 2-arm Cmax,,single_arm_dominant,7,2,2,1,2,2638.33,1794.0,13213.0,13787.33,OPTIMAL,solved by interior point method and 0.618 search,1.0,1.0,2638.33,13213.0,OPTIMAL,solved by interior point method and 0.618 search,0.68,0.68,2638.33,8598.56,recommend_3arm,"both feasible, 3arm has lower energy",34.92,interior_point_method + golden_section_0_618,"min Energy(s), s.t. Cmax0/s <= D and speed_min <= s <= speed_max",Energy(s)=Energy0*((1-rho)+rho*s^2),0.7,0.6,1.4,mode_decision_summary_basic.csv
tight_deadline,0.8,2110.66,time requirement is tight,,single_arm_dominant,7,2,2,1,2,2638.33,1794.0,13213.0,13787.33,OPTIMAL,solved by interior point method and 0.618 search,1.25,1.25,2110.66,18415.62,OPTIMAL,solved by interior point method and 0.618 search,0.85,0.85,2110.66,11108.64,recommend_3arm,"both feasible, 3arm has lower energy",39.68,interior_point_method + golden_section_0_618,"min Energy(s), s.t. Cmax0/s <= D and speed_min <= s <= speed_max",Energy(s)=Energy0*((1-rho)+rho*s^2),0.7,0.6,1.4,mode_decision_summary_basic.csv
urgent_deadline,0.7,1846.83,time requirement is very urgent,,single_arm_dominant,7,2,2,1,2,2638.33,1794.0,13213.0,13787.33,INFEASIBLE,required speed exceeds speed_max,1.4286,,,,OPTIMAL,solved by interior point method and 0.618 search,0.9714,0.9714,1846.83,13243.06,recommend_3arm,only 3arm can meet deadline,,interior_point_method + golden_section_0_618,"min Energy(s), s.t. Cmax0/s <= D and speed_min <= s <= speed_max",Energy(s)=Energy0*((1-rho)+rho*s^2),0.7,0.6,1.4,mode_decision_summary_basic.csv
loose_deadline,1.5,3858.49,time requirement is loose,,single_arm_dominant,7,2,2,2,1,2572.33,1749.0,10689.67,11194.67,OPTIMAL,solved by interior point method and 0.618 search,0.6667,0.6667,3858.49,6532.58,OPTIMAL,solved by interior point method and 0.618 search,0.4533,0.6,2915.0,6179.46,recommend_3arm,"both feasible, 3arm has lower energy",5.41,interior_point_method + golden_section_0_618,"min Energy(s), s.t. Cmax0/s <= D and speed_min <= s <= speed_max",Energy(s)=Energy0*((1-rho)+rho*s^2),0.7,0.6,1.4,mode_decision_summary_basic.csv
normal_deadline,1.0,2572.33,time requirement equals original 2-arm Cmax,,single_arm_dominant,7,2,2,2,1,2572.33,1749.0,10689.67,11194.67,OPTIMAL,solved by interior point method and 0.618 search,1.0,1.0,2572.33,10689.67,OPTIMAL,solved by interior point method and 0.618 search,0.6799,0.6799,2572.33,6981.13,recommend_3arm,"both feasible, 3arm has lower energy",34.69,interior_point_method + golden_section_0_618,"min Energy(s), s.t. Cmax0/s <= D and speed_min <= s <= speed_max",Energy(s)=Energy0*((1-rho)+rho*s^2),0.7,0.6,1.4,mode_decision_summary_basic.csv
tight_deadline,0.8,2057.86,time requirement is tight,,single_arm_dominant,7,2,2,2,1,2572.33,1749.0,10689.67,11194.67,OPTIMAL,solved by interior point method and 0.618 search,1.25,1.25,2057.86,14898.73,OPTIMAL,solved by interior point method and 0.618 search,0.8499,0.8499,2057.86,9018.91,recommend_3arm,"both feasible, 3arm has lower energy",39.47,interior_point_method + golden_section_0_618,"min Energy(s), s.t. Cmax0/s <= D and speed_min <= s <= speed_max",Energy(s)=Energy0*((1-rho)+rho*s^2),0.7,0.6,1.4,mode_decision_summary_basic.csv
urgent_deadline,0.7,1800.63,time requirement is very urgent,,single_arm_dominant,7,2,2,2,1,2572.33,1749.0,10689.67,11194.67,INFEASIBLE,required speed exceeds speed_max,1.4286,,,,OPTIMAL,solved by interior point method and 0.618 search,0.9713,0.9713,1800.63,10751.72,recommend_3arm,only 3arm can meet deadline,,interior_point_method + golden_section_0_618,"min Energy(s), s.t. Cmax0/s <= D and speed_min <= s <= speed_max",Energy(s)=Energy0*((1-rho)+rho*s^2),0.7,0.6,1.4,mode_decision_summary_basic.csv
loose_deadline,1.5,4687.5,time requirement is loose,,balanced,8,2,2,2,2,3125.0,2282.0,15068.33,15655.0,OPTIMAL,solved by interior point method and 0.618 search,0.6667,0.6667,4687.5,9208.42,OPTIMAL,solved by interior point method and 0.618 search,0.4868,0.6,3803.33,8641.56,recommend_3arm,"both feasible, 3arm has lower energy",6.16,interior_point_method + golden_section_0_618,"min Energy(s), s.t. Cmax0/s <= D and speed_min <= s <= speed_max",Energy(s)=Energy0*((1-rho)+rho*s^2),0.7,0.6,1.4,mode_decision_summary_basic.csv
normal_deadline,1.0,3125.0,time requirement equals original 2-arm Cmax,,balanced,8,2,2,2,2,3125.0,2282.0,15068.33,15655.0,OPTIMAL,solved by interior point method and 0.618 search,1.0,1.0,3125.0,15068.33,OPTIMAL,solved by interior point method and 0.618 search,0.7302,0.7302,3125.0,10540.13,recommend_3arm,"both feasible, 3arm has lower energy",30.05,interior_point_method + golden_section_0_618,"min Energy(s), s.t. Cmax0/s <= D and speed_min <= s <= speed_max",Energy(s)=Energy0*((1-rho)+rho*s^2),0.7,0.6,1.4,mode_decision_summary_basic.csv
tight_deadline,0.8,2500.0,time requirement is tight,,balanced,8,2,2,2,2,3125.0,2282.0,15068.33,15655.0,OPTIMAL,solved by interior point method and 0.618 search,1.25,1.25,2500.0,21001.49,OPTIMAL,solved by interior point method and 0.618 search,0.9128,0.9128,2500.0,13827.16,recommend_3arm,"both feasible, 3arm has lower energy",34.16,interior_point_method + golden_section_0_618,"min Energy(s), s.t. Cmax0/s <= D and speed_min <= s <= speed_max",Energy(s)=Energy0*((1-rho)+rho*s^2),0.7,0.6,1.4,mode_decision_summary_basic.csv
urgent_deadline,0.7,2187.5,time requirement is very urgent,,balanced,8,2,2,2,2,3125.0,2282.0,15068.33,15655.0,INFEASIBLE,required speed exceeds speed_max,1.4286,,,,OPTIMAL,solved by interior point method and 0.618 search,1.0432,1.0432,2187.5,16622.27,recommend_3arm,only 3arm can meet deadline,,interior_point_method + golden_section_0_618,"min Energy(s), s.t. Cmax0/s <= D and speed_min <= s <= speed_max",Energy(s)=Energy0*((1-rho)+rho*s^2),0.7,0.6,1.4,mode_decision_summary_basic.csv
