n1,n2,n3,n4,total_tasks,seed,cmax_2B_optimal,energy_2B_optimal,cmax_2B_optimized_heuristic,energy_2B_optimized_heuristic,cmax_gap_2B_pct,energy_gap_2B_pct,is_optimal_2B,cmax_3B_optimal,energy_3B_optimal,cmax_3B_optimized_heuristic,energy_3B_optimized_heuristic,cmax_gap_3B_pct,energy_gap_3B_pct,is_optimal_3B,calc_time_optimized_heuristic_s
1,1,1,1,4,0,1900.0,7230.0,1900.0,7230.0,0.0,0.0,yes,1020.0,7631.0,1020.0,7631.0,0.0,0.0,yes,0.197337
1,1,1,1,4,1,1977.0,8195.0,1977.0,8195.0,0.0,0.0,yes,1157.0,8625.0,1157.0,8625.0,0.0,0.0,yes,0.192731
1,1,1,1,4,2,1715.0,8620.0,1715.0,8620.0,0.0,0.0,yes,1256.0,9079.0,1256.0,9079.0,0.0,0.0,yes,0.188013
1,1,1,2,5,0,2492.0,11812.0,2492.0,11812.0,0.0,0.0,yes,1624.0,12285.0,1624.0,12285.0,0.0,0.0,yes,0.231712
1,1,1,2,5,1,2520.0,12245.0,2520.0,12245.0,0.0,0.0,yes,1700.0,12766.0,1700.0,12766.0,0.0,0.0,yes,0.244234
1,1,1,2,5,2,2159.0,12172.0,2159.0,12172.0,0.0,0.0,yes,1700.0,12683.0,1700.0,12683.0,0.0,0.0,yes,0.231728
1,1,2,1,5,0,2529.0,10245.0,2529.0,10245.0,0.0,0.0,yes,1655.0,10682.0,1655.0,10702.0,0.0,0.1872,no,0.28561
1,1,2,1,5,1,2498.0,10001.0,2498.0,10001.0,0.0,0.0,yes,1733.0,10426.0,1733.0,10426.0,0.0,0.0,yes,0.222069
1,1,2,1,5,2,1996.0,9286.0,1996.0,9286.0,0.0,0.0,yes,1552.0,9739.0,1552.0,9739.0,0.0,0.0,yes,0.225332
1,2,1,1,5,0,2405.0,9089.0,2405.0,9089.0,0.0,0.0,yes,1500.0,9491.0,1500.0,9491.0,0.0,0.0,yes,0.298457
1,2,1,1,5,1,2351.0,8754.0,2351.0,8754.0,0.0,0.0,yes,1454.0,9166.0,1473.0,9160.0,1.3067,-0.0655,no,0.32666
1,2,1,1,5,2,1725.0,7360.0,1725.0,7360.0,0.0,0.0,yes,1207.0,7766.0,1240.0,7844.0,2.7341,1.0044,no,0.233033
2,1,1,1,5,0,2094.0,8661.0,2094.0,8661.0,0.0,0.0,yes,1385.0,9104.0,1385.0,9104.0,0.0,0.0,yes,0.256626
2,1,1,1,5,1,2047.0,8262.0,2047.0,8262.0,0.0,0.0,yes,1299.0,8738.0,1390.0,8782.0,7.0054,0.5035,no,0.283648
2,1,1,1,5,2,1725.0,7034.0,1725.0,7034.0,0.0,0.0,yes,1226.0,7520.0,1240.0,7560.0,1.1419,0.5319,no,0.237589
1,1,2,2,6,0,3019.0,14178.0,3019.0,14178.0,0.0,0.0,yes,2173.0,14696.0,2173.0,14696.0,0.0,0.0,yes,1.025309
1,1,2,2,6,1,2923.0,13463.0,2923.0,13463.0,0.0,0.0,yes,2158.0,13969.0,2158.0,13969.0,0.0,0.0,yes,1.031656
1,1,2,2,6,2,2652.0,14286.0,2652.0,14286.0,0.0,0.0,yes,2187.0,14815.0,2187.0,14815.0,0.0,0.0,yes,1.027079
1,2,1,2,6,0,2923.0,13012.0,2923.0,13012.0,0.0,0.0,yes,1720.0,13488.0,1720.0,13491.0,0.0,0.0222,no,1.076862
1,2,1,2,6,1,2776.0,12216.0,2776.0,12216.0,0.0,0.0,yes,1676.0,12679.0,1676.0,12679.0,0.0,0.0,yes,1.06535
1,2,1,2,6,2,2369.0,12316.0,2369.0,12316.0,0.0,0.0,yes,1606.0,12824.0,1633.0,12846.0,1.6812,0.1716,no,1.045495
2,1,1,2,6,0,2584.0,12601.0,2584.0,12601.0,0.0,0.0,yes,1720.0,13101.0,1750.0,13159.0,1.7442,0.4427,no,1.036722
2,1,1,2,6,1,2472.0,11724.0,2472.0,11724.0,0.0,0.0,yes,1676.0,12271.0,1676.0,12271.0,0.0,0.0,yes,1.06681
2,1,1,2,6,2,2243.0,11163.0,2243.0,11163.0,0.0,0.0,yes,1537.0,11750.0,1537.0,11756.0,0.0,0.0511,no,1.031654
1,2,2,1,6,0,3078.0,11647.0,3091.0,11595.0,0.4224,-0.4465,no,1995.0,12138.0,1995.0,12138.0,0.0,0.0,yes,1.032823
1,2,2,1,6,1,2898.0,10843.0,2898.0,10843.0,0.0,0.0,yes,1854.0,11297.0,1854.0,11297.0,0.0,0.0,yes,1.061156
1,2,2,1,6,2,2423.0,10929.0,2423.0,10929.0,0.0,0.0,yes,1677.0,11396.0,1677.0,11396.0,0.0,0.0,yes,1.032775
2,1,2,1,6,0,2768.0,11219.0,2768.0,11219.0,0.0,0.0,yes,1877.0,11696.0,1877.0,11719.0,0.0,0.1966,no,1.085067
2,1,2,1,6,1,2594.0,10351.0,2594.0,10351.0,0.0,0.0,yes,1798.0,10841.0,1798.0,10843.0,0.0,0.0184,no,1.03426
2,1,2,1,6,2,2357.0,9824.0,2357.0,9824.0,0.0,0.0,yes,1563.0,10306.0,1572.0,10273.0,0.5758,-0.3202,no,1.061071
2,2,1,1,6,0,2268.0,9636.0,2268.0,9636.0,0.0,0.0,yes,1623.0,10109.0,1693.0,10146.0,4.313,0.366,no,1.05715
2,2,1,1,6,1,1995.0,8129.0,2000.0,8102.0,0.2506,-0.3321,no,1427.0,8541.0,1448.0,8490.0,1.4716,-0.5971,no,1.08434
2,2,1,1,6,2,1970.0,8709.0,1970.0,8709.0,0.0,0.0,yes,1466.0,9131.0,1466.0,9131.0,0.0,0.0,yes,1.030448
1,2,2,2,7,0,3627.0,15724.0,3640.0,15672.0,0.3584,-0.3307,no,2426.0,16230.0,2426.0,16230.0,0.0,0.0,yes,1.179298
1,2,2,2,7,1,3323.0,14305.0,3323.0,14305.0,0.0,0.0,yes,2223.0,14810.0,2223.0,14810.0,0.0,0.0,yes,1.102246
1,2,2,2,7,2,2952.0,15014.0,2952.0,15014.0,0.0,0.0,yes,2206.0,15554.0,2209.0,15560.0,0.136,0.0386,no,1.107912
2,1,2,2,7,0,3296.0,15302.0,3296.0,15302.0,0.0,0.0,yes,2426.0,15843.0,2426.0,15864.0,0.0,0.1326,no,1.149295
2,1,2,2,7,1,3019.0,13813.0,3019.0,13813.0,0.0,0.0,yes,2223.0,14394.0,2223.0,14394.0,0.0,0.0,yes,1.134686
2,1,2,2,7,2,2931.0,14721.0,2931.0,14721.0,0.0,0.0,yes,2237.0,15384.0,2245.0,15376.0,0.3576,-0.052,no,1.094874
2,2,1,2,7,0,2797.0,13709.0,2797.0,13709.0,0.0,0.0,yes,1890.0,14303.0,2089.0,14223.0,10.5291,-0.5593,no,1.153964
2,2,1,2,7,1,2499.0,12355.0,2499.0,12355.0,0.0,0.0,yes,1697.0,12937.0,1879.0,13001.0,10.7248,0.4947,no,1.07918
2,2,1,2,7,2,2619.0,13575.0,2619.0,13575.0,0.0,0.0,yes,1795.0,14122.0,1935.0,14168.0,7.7994,0.3257,no,1.13467
2,2,2,1,7,0,2721.0,11133.0,2721.0,11133.0,0.0,0.0,yes,1851.0,11673.0,1927.0,11639.0,4.1059,-0.2913,no,1.120318
2,2,2,1,7,1,2500.0,10196.0,2500.0,10196.0,0.0,0.0,yes,1694.0,10655.0,1863.0,10676.0,9.9764,0.1971,no,1.095751
2,2,2,1,7,2,2496.0,10740.0,2496.0,10740.0,0.0,0.0,yes,1702.0,11256.0,1730.0,11253.0,1.6451,-0.0267,no,1.14191
2,2,2,2,8,0,3265.0,15303.0,3285.0,15316.0,0.6126,0.085,no,2366.0,15892.0,2368.0,15907.0,0.0845,0.0944,no,2.013211
2,2,2,2,8,1,3085.0,15077.0,3085.0,15077.0,0.0,0.0,yes,2279.0,15675.0,2370.0,15799.0,3.993,0.7911,no,1.982459
2,2,2,2,8,2,3025.0,14825.0,3025.0,14825.0,0.0,0.0,yes,2201.0,15398.0,2201.0,15417.0,0.0,0.1234,no,2.008379
